uid	table	category	src_noisy	src_clean	ref_en	noise_span	noise_gold_en	noise_std	source_meta
B-HOM-001	B	HOM	酱紫也行？那我也试试	这样子也行？那我也试试	this works? then let me try too	酱紫	like this ‖ this way	这样子	kuaishou 2026-07-25
B-HOM-002	B	HOM	你怎么酱紫说话，人家会误会的	你怎么这样子说话，人家会误会的	why do you talk like that, people will misunderstand	酱紫	like this	这样子	kuaishou 2026-07-25
B-HOM-003	B	HOM	各位童鞋注意了，期末考试要来了	各位同学注意了，期末考试要来了	attention classmates, final exams are coming	童鞋	classmates	同学	kuaishou 2026-07-25
B-HOM-004	B	HOM	童鞋们帮我看看这道题怎么做	同学们帮我看看这道题怎么做	classmates help me figure out this problem	童鞋	classmates	同学	kuaishou 2026-07-25
B-HOM-005	B	HOM	我真的好稀饭这个博主，太搞笑了	我真的好喜欢这个博主，太搞笑了	I really like this creator, too funny	稀饭	like ‖ love	喜欢	kuaishou 2026-07-25
B-HOM-006	B	HOM	你是不是稀饭我？直说嘛	你是不是喜欢我？直说嘛	do you like me? just say it	稀饭	like	喜欢	kuaishou 2026-07-25
B-HOM-007	B	HOM	今天又是杯具的一天，出门忘带钥匙	今天又是悲剧的一天，出门忘带钥匙	another tragic day, forgot my keys going out	杯具	tragedy ‖ tragic	悲剧	kuaishou 2026-07-25
B-HOM-008	B	HOM	人生就是一个杯具接着一个杯具	人生就是一个悲剧接着一个悲剧	life is one tragedy after another	杯具	tragedy	悲剧	kuaishou 2026-07-25
B-HOM-009	B	HOM	游戏过于神金，不确定先从哪里笑起	游戏过于神经，不确定先从哪里笑起	this game is so unhinged, not sure where to start laughing	神金	unhinged ‖ crazy	神经	bilibili 2026-07-25
B-HOM-010	B	HOM	都说我做饭神金，今天就做神金给你们吃	都说我做饭神经，今天就做神经给你们吃	y'all say I'm crazy in the kitchen, so today I'm cooking crazy for you	神金	crazy ‖ nuts	神经	bilibili 2026-07-25
B-HOM-011	B	HOM	世界上最神金的行为	世界上最神经的行为	the most unhinged behavior in the world	神金	unhinged ‖ insane	神经	bilibili 2026-07-25
B-HOM-012	B	HOM	被这离谱的主播笑拥了	被这离谱的主播笑晕了	I'm dead from this absurd streamer	笑拥了	dying laughing ‖ I'm dead ‖ cracked me up	笑晕了	bilibili 2026-07-25
B-HOM-013	B	HOM	笑拥了！带货主播推荐的迷惑水果太离谱了吧	笑晕了！带货主播推荐的迷惑水果太离谱了吧	I’m dying laughing! Those weird fruits promoted by live stream sales hosts are ridiculous.	笑拥了	dying laughing	笑晕了	bilibili 2026-07-25
B-HOM-014	B	HOM	新来的00后程序员写的代码，看到这段注释真的快把我笑拥了	新来的00后程序员写的代码，看到这段注释真的快把我笑晕了	the new Gen Z programmer's code, seeing this comment almost killed me laughing	笑拥了	killed me laughing	笑晕了	bilibili 2026-07-25
B-HOM-016	B	NEO	考试没复习直接寄，明年再来	考试没复习直接完了，明年再来	didn't study for the exam, it's over, see you next year	寄	it's over ‖ I'm done	完了	bilibili 2026-07-25
B-HOM-018	B	HOM	火钳流明，这帖子要火	火前留名，这帖子要火	leaving a name before this blows up, this post is about to go viral	火钳流明	leaving a name before this blows up	火前留名	tieba 2026-07-25
B-HOM-019	B	HOM	雀食好笑，不骗你	确实好笑，不骗你	it's genuinely funny, no cap	雀食	genuinely ‖ for real	确实	weibo 2026-07-25
B-HOM-021	B	HOM	沃草，这无人机表演太震撼了	我操，这无人机表演太震撼了	holy crap, this drone show is insane	沃草	holy crap ‖ damn	我操	weibo 2026-07-25
B-HOM-023	B	HOM	你想peach呢，哪有这么好的事	你想屁吃呢，哪有这么好的事	you're dreaming, how can something that good happen	想peach	dreaming ‖ wishful thinking	想屁吃	weibo 2026-07-25
B-HOM-024	B	HOM	别虾扯蛋了，老师说的都是真的吗	别瞎扯淡了，老师说的都是真的吗	stop talking BS, is what the teacher said even true	虾扯蛋	talking BS ‖ nonsense	瞎扯淡	tieba 2026-07-25
B-HOM-025	B	HOM	先报上自己的分数啊搞辣菜	先报上自己的分数啊搞拉踩	dropping your score first before throwing shade smh	辣菜	throwing shade	拉踩	weibo 2026-07-23
B-HOM-026	B	HOM	蚌埠住了，腾讯这泄密处理速度也太快了吧	绷不住了，腾讯这泄密处理速度也太快了吧	I can't hold it in anymore, Tencent's speed in handling this leak is just too fast	蚌埠住了	can't hold it in ‖ can't keep it together	绷不住了	weibo 2026-07-24
B-HOM-027	B	HOM	嗷利给，西班牙第一了	奥利给，西班牙第一了	Aigoo Spain took first place let's gooo	嗷利给	let's go	奥利给	douyin 2026-07-23
B-HOM-028	B	HOM	这配置针不戳，性价比拉满	这配置真不错，性价比拉满	This setup slaps, value for money off the charts	针不戳	slaps	真不错	tieba 2026-07-23
B-HOM-029	B	HOM	赛里木湖这操作针不戳啊，景区打人还能辞退就完事了？	赛里木湖这操作真不错啊，景区打人还能辞退就完事了？	Sarim Lake's handling is just great, beating people at a scenic spot and just firing them is that it?	针不戳	just great ‖ really great ‖ not bad	真不错	weibo 2026-07-24
B-HOM-030	B	HOM	蚌埠住了，这也太好笑了吧	绷不住了，这也太好笑了吧	bruh I can't hold it in this is too funny lmao	蚌埠住了	can't hold it	绷不住了	bilibili 2026-07-23
B-HOM-031	B	HOM	卧槽317万年终奖就这么没了？	我操317万年终奖就这么没了？	Wtf, 3.17 million year-end bonus just gone like that?	卧槽	Wtf ‖ Holy shit ‖ Damn	我操	weibo 2026-07-24
B-HOM-032	B	HOM	你就耗子尾汁吧，别折腾了	你就好自为之吧，别折腾了	watch yourself bro stop messing around	耗子尾汁	take care of yourself	好自为之	tieba 2026-07-23
B-HOM-033	B	HOM	王虹这波属实深藏blue了，拿完奖还这么低调	王虹这波属实深藏不露了，拿完奖还这么低调	Wang Hong has truly been hiding her talents, so low-key after winning the award	深藏blue	hiding her talents ‖ keeping a low profile	深藏不露	weibo 2026-07-24
B-HOM-034	B	HOM	蚌埠住了这也太搞笑了	绷不住了这也太搞笑了	can't hold it in anymore this is way too funny fr	蚌埠住了	can't hold it in	绷不住了	weibo 2026-07-23
B-HOM-035	B	HOM	看到50亿离婚案的消息我直接蓝瘦香菇	看到50亿离婚案的消息我直接难受想哭	Seeing the news about the 5 billion divorce case, I'm so sad I could cry	蓝瘦香菇	so sad I could cry ‖ sad and want to cry	难受想哭	weibo 2026-07-24
B-HOM-036	B	HOM	针不戳，这个视频做得真好	真不错，这个视频做得真好	not bad this video is actually fire	针不戳	not bad	真不错	bilibili 2026-07-23
B-HOM-037	B	HOM	这景区管理duck不必，7个人打一个司机	这景区管理大可不必，7个人打一个司机	This scenic area management is totally unnecessary, 7 people beating one driver	duck不必	totally unnecessary ‖ doesn't have to be like this	大可不必	weibo 2026-07-24
B-HOM-038	B	HOM	这个颜色灰常好看	这个颜色非常好看	this color looks really good ngl	灰常	really	非常	weibo 2026-07-23
B-HOM-039	B	HOM	腾讯这波操作属于是虾仁猪心了	腾讯这波操作属于是杀人诛心了	Tencent's move this time is truly adding insult to injury	虾仁猪心	adding insult to injury ‖ twisting the knife	杀人诛心	weibo 2026-07-24
B-HOM-040	B	HOM	有内味了，就是这个感觉	有那味了，就是这个感觉	got that vibe this is the feeling	有内味了	has that flavor	有那味了	bilibili 2026-07-23
B-HOM-041	B	HOM	泄密被辞退永不录用，这员工只能耗子喂汁了	泄密被辞退永不录用，这员工只能好自为之了	Fired for leaking and never to be rehired, this employee better watch out	耗子喂汁	better watch out ‖ blame themselves ‖ take responsibility	好自为之	weibo 2026-07-24
B-HOM-042	B	HOM	这部剧的女主造型好康	这部剧的女主造型好看	the female lead's look in this drama is gorgeous	好康	gorgeous	好看	weibo 2026-07-23
B-HOM-043	B	HOM	耗子尾汁，好自为之吧	好自为之，好自为之吧	Learn your lesson and shape up.	耗子尾汁	shape up	好自为之	bilibili 2026-07-23
B-HOM-044	B	HOM	这个操作太虾仁了	这个操作太吓人了	this play is straight up terrifying	虾仁	terrifying	吓人	bilibili 2026-07-23
B-HOM-045	B	HOM	中国女排这波直接丸辣，美国队不服不行	中国女排这波直接完啦，美国队不服不行	China's women's volleyball team is done for this time, the US team has to admit defeat	丸辣	done for ‖ finished ‖ doomed	完啦	weibo 2026-07-24
B-HOM-046	B	HOM	鸭力好大，快要顶不住了	压力好大，快要顶不住了	the pressure is so high can't hold on anymore	鸭力	pressure	压力	bilibili 2026-07-23
B-HOM-047	B	HOM	窝五碎！！！	我五岁！！！	I'm five years old!!!	窝五碎	I'm five years old	我五岁	douyin 2026-07-23
B-HOM-048	B	HOM	赛里木湖这事整得灰常离谱	赛里木湖这事整得非常离谱	The Sarim Lake incident is really outrageous	灰常	really ‖ very ‖ super	非常	weibo 2026-07-24
B-HOM-049	B	HOM	看完这帖子我直接笑嘻了	看完这帖子我直接笑死了	after reading this post I'm dead lmao	笑嘻了	dead	笑死了	tieba 2026-07-23
B-HOM-050	B	HOM	看完这个视频我蕉绿了	看完这个视频我焦虑了	after watching this vid I'm straight up anxious	蕉绿	anxious	焦虑	bilibili 2026-07-23
B-HOM-051	B	HOM	看完女排比赛我直接鸭梨山大	看完女排比赛我直接压力山大	After watching the women's volleyball match, I'm under enormous pressure	鸭梨山大	under enormous pressure ‖ feeling immense pressure	压力山大	weibo 2026-07-24
B-HOM-052	B	HOM	笑鼠了！一会抛梗一会接梗	笑死了！一会抛梗一会接梗	dying of laughter! one sec they set up the joke next sec they're playing along	鼠	dying	死	douyin 2026-07-23
B-HOM-053	B	HOM	测评娃哈哈高透史莱姆好好康	测评娃哈哈高透史莱姆好好看	reviewing Wahaha's crystal clear slime it looks so good	好康	good	好看	douyin 2026-07-23
B-HOM-054	B	HOM	窝巢，这也太厉害了吧	我操，这也太厉害了吧	wtf this is too insane bruh	窝巢	insane	我操	bilibili 2026-07-23
B-HOM-055	B	HOM	笑的想鼠	笑的想死	laughing till I die	鼠	die	死	douyin 2026-07-23
B-HOM-056	B	HOM	这里是孙吧忏悔室，一人忏悔一件你觉得最厨神的事	这里是孙吧忏悔室，一人忏悔一件你觉得最畜生的事	welcome to Sun Bar confessional drop your most savage moment	厨神	savage	畜生	douyin 2026-07-23
B-HOM-057	B	HOM	关于玉玉症表妹喜欢上我的故事	关于抑郁症表妹喜欢上我的故事	the story of how my depressed cousin fell for me	玉玉症	depressed	抑郁症	douyin 2026-07-23
B-HOM-058	B	HOM	这是我女朋友 羡慕吗笑抽们🤣	这是我女朋友 羡慕吗小丑们🤣	this is my gf. jealous you clowns? 🤣	笑抽	clowns	小丑	douyin 2026-07-23
B-HOM-059	B	HOM	麻辣烫我只认元娘娘，口味多好7	麻辣烫我只认元娘娘，口味多好吃	I only trust Yuan Niangniang for malatang it's so good	好7	good	好吃	douyin 2026-07-23
B-HOM-060	B	HOM	可爱的小香猪变成了温暖的答辩	可爱的小香猪变成了温暖的大便	a cute little guinea pig turned into warm crap	答辩	crap	大便	douyin 2026-07-23
B-HOM-061	B	HOM	我要笑亖了卧槽	我要笑死了卧槽	I'm gonna die laughing oh shit	笑亖	die laughing	笑死	xhs 2026-07-23
B-HOM-062	B	HOM	时间长了搞亖你	时间长了搞死你	I'll work you to death over time	搞亖	death	搞死	xhs 2026-07-23
B-HOM-063	B	HOM	笑亖了家人们谁懂啊	笑死了家人们谁懂啊	dying of laughter fam who understands	笑亖	dying of laughter	笑死	xhs 2026-07-23
B-HOM-064	B	HOM	她居然紫砂了	她居然自杀了	she actually offed herself	紫砂	offed herself	自杀	xhs 2026-07-23
B-HOM-065	B	HOM	小哥：我真妹骗人！！我真给白衣女鬼送过餐！！你不知道哟！我魂都快没了，那餐是一点都没撒！！没办法，这就是哥的实力！	小哥：我真没骗人！！我真给白衣女鬼送过餐！！你不知道哟！我魂都快没了，那餐是一点都没撒！！没办法，这就是哥的实力！	Bro: I seriously didn't lie!! I really delivered food to the girl ghost in white!! You don't know! I nearly lost my soul, not a single drop spilled on that delivery! No choice, this is bro's skill!	妹骗人	didn't lie ‖ wasn't lying ‖ not lying	没骗人	bilibili 2026-07-24
B-HOM-066	B	HOM	博主成功把中二拍成沙子了	博主成功把中二拍成傻子了	The blogger successfully made the edgy act look like a fool	沙子	look like a fool ‖ act like a fool ‖ be a fool	傻子	bilibili 2026-07-24
B-HOM-067	B	HOM	肺雾才需要爱情，神都是孤独的	废物才需要爱情，神都是孤独的	Only the weak yearn for love; gods are destined to be alone.	肺雾	loser ‖ weakling	废物	bilibili 2026-07-24
B-HOM-068	B	HOM	我在学校哭别人鸟都不鸟我	我在学校哭别人理都不理我	I cried at school and nobody even paid attention to me	鸟	paid attention to ‖ gave a damn about ‖ cared about	理	bilibili 2026-07-24
B-HOM-069	B	HOM	现场偷挖被抓,夺笋呐!	现场偷挖被抓,多损呐!	Caught digging secretly on site, so savage!	夺笋	so savage ‖ so mean ‖ so wicked	多损	bilibili 2026-07-24
B-HOM-070	B	HOM	这个特效针不戛！	这个特效真不尬！	This special effect is really not cringe!	针不戛	really not cringe ‖ not awkward ‖ not cringe	真不尬	bilibili 2026-07-24
B-HOM-071	B	HOM	要泥寡,雨女无瓜!	要你管,与你无关!	Mind your own business, it's none of your business!	泥寡‖雨女无瓜	none of your business ‖ has nothing to do with you ‖ not your concern	你管‖与你无关	bilibili 2026-07-24
B-HOM-072	B	HOM	依托答辩是什么意思	一坨大便是什么意思	What does 'a pile of shit' mean?	依托答辩	a pile of shit ‖ a piece of crap ‖ total garbage	一坨大便	wechat_mp 2026-07-24
B-HOM-073	B	HOM	哈哈哈哈哈哈哈夺笋呐	哈哈哈哈哈哈哈多损呐	hahahahaha so mean lol	夺笋	so mean ‖ so savage ‖ so wicked	多损	bilibili 2026-07-24
B-HOM-074	B	HOM	“雨女无瓜”这么好笑吗是挺好笑的	“与你无关”这么好笑吗是挺好笑的	Is 'none of your business' really that funny? It is pretty funny	雨女无瓜	none of your business ‖ has nothing to do with you ‖ not your concern	与你无关	bilibili 2026-07-24
B-HOM-075	B	HOM	还有给	还有gay	Also got gay vibes	给	gay vibes ‖ gay ‖ homosexual	gay	bilibili 2026-07-24
B-HOM-076	B	HOM	这显卡价格真是辣鸡，还买什么啊	这显卡价格真是垃圾，还买什么啊	This GPU price is really trash, why even buy it	辣鸡	trash ‖ garbage ‖ crap	垃圾	douyin 2026-07-24
B-HOM-077	B	HOM	我丢！上班路上刷到路边广告牌被“风”掀了个角，原来是京东618的整活！这波操作简直泰裤辣！	我丢！上班路上刷到路边广告牌被“风”掀了个角，原来是京东618的整活！这波操作简直太酷啦！	No way! On my way to work I saw a roadside billboard get lifted by the 'wind', turns out it was JD 618's stunt! This move is just too cool!	泰裤辣	too cool ‖ so cool ‖ awesome	太酷啦	bilibili 2026-07-24
B-HOM-078	B	HOM	“泰酷辣”大人三周年	“太酷啦”大人三周年	Third anniversary of Lord 'So Cool'	泰酷辣	So Cool ‖ too cool ‖ awesome	太酷啦	bilibili 2026-07-24
B-HOM-079	B	HOM	前车：不二？	前车：不是？	The car in front: Wait, what?	不二	Wait, what? ‖ Excuse me? ‖ Are you kidding me?	不是	bilibili 2026-07-24
B-HOM-080	B	HOM	10店睡，身体还以为是午休呢，凌晨又把他们叫醒了	10点睡，身体还以为是午休呢，凌晨又把他们叫醒了	Going to sleep at 10, my body thought it was nap time, then woke me up at dawn	10店睡	Going to sleep at 10 ‖ Sleeping at 10	10点睡	bilibili BV1DAgS6SEqa 2026-07-24
B-HOM-081	B	HOM	tree 波Q	三杀	Triple kill	tree 波Q	Triple kill	三杀	bilibili BV1h4KU66ENd 2026-07-24
B-HOM-082	B	HOM	笑死我了粽横天虾至今一直在罚时闯过了零个关卡	笑死我了纵横天下至今一直在罚时闯过了零个关卡	Dying of laughter, the one who conquers the world has been in timeout, passing zero challenges	粽横天虾	conquers the world ‖ conquers all	纵横天下	bilibili BV1KRg462E53 2026-07-24
B-HOM-083	B	HOM	怎么达不溜小兵了	怎么打不了小兵了	Why can't I target the minions?	达不溜	unable to attack ‖ can't target	打不了	bilibili LOL BV1mTg46UE7Q 2026-07-24
B-HOM-084	B	HOM	！？雀潮？！	！？雀巢？！	!? Nestle!?	雀潮	Nestle	雀巢	bilibili BV1oiKm6yEYU 2026-07-24
B-HOM-085	B	HOM	此人知识面级广	此人知识面极广	This person's knowledge is extremely broad	级广	extremely broad	极广	bilibili BV1uuKm6PEKu 2026-07-24
B-HOM-086	B	HOM	蛇：卧槽，怎么又是他	蛇：我的天，怎么又是他	Snake: Oh my god, why is it him again	卧槽	Oh my god	我的天	bilibili BV1aPgQ6ZEmn 2026-07-24
B-HOM-087	B	HOM	生物钟:补药呀！我才调整好	生物钟:不要呀！我才调整好	Biological clock: No! I just got it adjusted	补药	No	不要	bilibili BV1DAgS6SEqa 2026-07-24
B-HOM-088	B	HOM	鸡本功来了，视频就有了。起飞！	基本功来了，视频就有了。起飞！	When the basic skills kick in, the video just takes off! Liftoff!	鸡本功	basic skills	基本功	bilibili ghost_music BV1Utgz6XEsP danmu 2026-07-24
B-HOM-089	B	HOM	食不食油饼	是不是有病	Are you out of your mind?	食不食油饼	out of your mind	是不是有病	bilibili ghost_music BV1Utgz6XEsP comment 2026-07-24
B-HOM-090	B	HOM	香精煎鱼食不食	想进监狱是不是	Do you want to end up in prison?	香精煎鱼食不食	want to end up in prison	想进监狱是不是	bilibili ghost_music BV1Utgz6XEsP comment 2026-07-24
B-HOM-091	B	HOM	立马去郊区浇筑一个刚进混凝土的地下堡垒	立马去郊区浇筑一个钢筋混凝土的地下堡垒	Head to the suburbs right away and build an underground bunker with rebar concrete	刚进	rebar	钢筋	bilibili AIGC_anime BV11XKp6oE57 comment 2026-07-24
B-HOM-092	B	HOM	鸡本功扎实	基本功扎实	Solid basic skills	鸡本功	basic skills	基本功	bilibili ghost_music BV1Utgz6XEsP comment 2026-07-24
B-HOM-093	B	HOM	蚌不住了	绷不住了	Can't hold it in anymore	蚌不住了	Can't hold it in anymore ‖ can't keep it together ‖ can't hold back	绷不住了	bilibili fishing_life BV1YbgC6qE76 danmu 2026-07-24
B-HOM-094	B	HOM	冷芝士：袜子不是茶包	冷知识：袜子不是茶包	Fun fact: socks are not tea bags	冷芝士	Fun fact ‖ trivia ‖ fun fact	冷知识	bilibili ACG_sock_studies BV1Tdgh6aESA danmu 2026-07-24
B-HOM-095	B	HOM	就说00这一套真的超级好看的，我可以安心的似了	就说00这一套真的超级好看的，我可以安心的死了	This 00 outfit is really super good-looking, I can finally rest in peace	似	rest in peace ‖ die in peace	死	bilibili cute_cosplay BV1LFgk6zEkZ danmu 2026-07-24
B-NEO-002	B	NEO	我们不是供人围观的工具人！	我们不是供人围观的工具！	we're not tools for people to watch!	工具人	tool ‖ someone used by others	工具	kuaishou 2026-07-25
B-NEO-003	B	NEO	又被割韭菜了，这理财产品全是坑	又被宰了，这理财产品全是坑	I got ripped off again, this wealth management product is full of traps.	割韭菜	got ripped off	宰	kuaishou 2026-07-25
B-NEO-004	B	NEO	品牌联名就是割韭菜，质量差价格高	品牌联名就是坑人，质量差价格高	Co-branded products are just a way to rip off customers with poor quality and high prices.	割韭菜	rip off customers	坑人	kuaishou 2026-07-25
B-NEO-005	B	NEO	别带节奏了，事情不是你想的那样	别煽动舆论了，事情不是你想的那样	stop stirring things up, it's not what you think	带节奏	stir up ‖ manipulate public opinion	煽动舆论	kuaishou 2026-07-25
B-NEO-006	B	NEO	评论区全是在带节奏的，真相没人关心	评论区全是在煽动舆论的，真相没人关心	comments section full of people stirring drama, nobody cares about the truth	带节奏	stir up ‖ lead the narrative	煽动舆论	kuaishou 2026-07-25
B-NEO-007	B	NEO	杠精无处不在，说啥都要反驳	抬杠的人无处不在，说啥都要反驳	contrarians are everywhere, they rebut everything you say	杠精	contrarian ‖ argumentative person	抬杠的人	kuaishou 2026-07-25
B-NEO-008	B	NEO	遇到杠精最好的办法就是不理他	遇到抬杠的人最好的办法就是不理他	the best way to deal with a contrarian is to ignore them	杠精	contrarian	抬杠的人	kuaishou 2026-07-25
B-NEO-009	B	NEO	芭比Q了，半夜点外卖忘备注别敲门	完了，半夜点外卖忘备注别敲门	I'm cooked, ordered delivery at midnight and forgot to leave a note saying don't knock	芭比Q了	I'm done for ‖ I'm cooked	完了	bilibili 2026-07-25
B-NEO-010	B	NEO	选择你的躲藏点，被抓到就芭比Q了	选择你的躲藏点，被抓到就完了	pick your hiding spot, if you get caught you're done for	芭比Q了	done for ‖ finished	完了	bilibili 2026-07-25
B-NEO-011	B	NEO	看到肯德基9.9的那一刻，我的班味瞬间就没了	看到肯德基9.9的那一刻，我的上班疲惫感瞬间就没了	the moment I saw KFC 9.9, my work exhaustion instantly vanished	班味	work exhaustion ‖ work vibe	上班疲惫感	bilibili 2026-07-25
B-NEO-012	B	NEO	人一旦染上班味，这辈子就去不掉了	人一旦染上上班的气息，这辈子就去不掉了	once you catch the work vibe, it never leaves you	班味	work vibe ‖ office aura	上班的气息	bilibili 2026-07-25
B-NEO-013	B	NEO	十多块的塔斯汀五件套，横扫我一天班味	十多块的塔斯汀五件套，横扫我一天上班的疲惫感	a 10-something yuan Tastien 5-piece meal wipes away my whole day of work fatigue	班味	work fatigue ‖ work tiredness	上班的疲惫感	bilibili 2026-07-25
B-NEO-014	B	NEO	净化班味，用了这头像直接演绎出我的精神状态	净化上班的疲惫感，用了这头像直接演绎出我的精神状态	cleansing away the work fatigue — this avatar perfectly captures my mental state	班味	work exhaustion	上班的疲惫感	bilibili 2026-07-25
B-NEO-015	B	NEO	等等党赢麻了，建议收藏	等待降价的人赢得非常彻底，建议收藏	the wait-for-a-deal crew won big time, saving this	等等党‖赢麻了	the wait-for-a-deal crew ‖ won big	等待降价的人‖赢得非常彻底	bilibili 2026-07-25
B-NEO-016	B	NEO	看似输了实际赢麻了	看似输了实际赢得非常彻底	looks like they lost but actually won big	赢麻了	won big ‖ came out on top	赢得非常彻底	bilibili 2026-07-25
B-NEO-017	B	NEO	纯爱战神轰然倒地	只支持纯爱的人轰然倒地	the pure love warrior has fallen	纯爱战神	pure love warrior	只支持纯爱的人	bilibili 2026-07-25
B-NEO-018	B	NEO	谨以此片献给每一位纯爱战神	谨以此片献给每一位只支持纯爱的人	dedicating this film to every pure love warrior out there	纯爱战神	pure love warrior	只支持纯爱的人	bilibili 2026-07-25
B-NEO-019	B	NEO	兄弟们我润美国了	兄弟们我移民美国了	bros I emigrated to the US	润	emigrated ‖ ran away	移民	bilibili 2026-07-25
B-NEO-020	B	NEO	公司要黄了的5个征兆，当公司开始严抓考勤，你该考虑润了	公司要黄了的5个征兆，当公司开始严抓考勤，你该考虑跑了	5 signs your company is going under, when they start cracking down on attendance, you should consider bouncing	润了	bounce ‖ leave ‖ quit	跑了	bilibili 2026-07-25
B-NEO-021	B	NEO	赛博朋克2077，极致嘴臭极致享受	赛博朋克2077，极致骂人极致享受	Cyberpunk 2077, ultimate trash talk ultimate enjoyment	嘴臭	trash talk ‖ foul-mouthed	骂人	bilibili 2026-07-25
B-NEO-023	B	NEO	孙红雷演技炸裂，20万人打出7.5分	孙红雷演技极其震撼，20万人打出7.5分	Sun Honglei's acting is absolutely insane, 200k people rated 7.5	炸裂	absolutely insane ‖ explosive	极其震撼	bilibili 2026-07-25
B-NEO-024	B	NEO	赛博诵经让老外陷入疯狂	虚拟诵经让老外陷入疯狂	cyber chanting is driving foreigners crazy	赛博	cyber ‖ virtual	虚拟	bilibili 2026-07-25
B-NEO-025	B	NEO	国庆宅家的赛博生活	国庆宅家的虚拟网络生活	National Day stay-at-home cyber life	赛博	cyber ‖ digital	虚拟网络	bilibili 2026-07-25
B-NEO-026	B	NEO	高考第一批显眼包出现了，青蛙玩偶花式助阵	高考第一批爱出风头的人出现了，青蛙玩偶花式助阵	the first batch of attention-seekers at the college entrance exam showed up, frog mascots cheering in style	显眼包	attention-seeker ‖ scene-stealer	爱出风头的人	weibo 2026-07-25
B-NEO-027	B	NEO	电子榨菜输出中，午饭点准时到	适合吃饭时看的视频输出中，午饭点准时到	my mealtime video is on, right on time for lunch	电子榨菜	mealtime video ‖ show to watch while eating	适合吃饭时看的视频	weibo 2026-07-25
B-NEO-028	B	NEO	这个综艺太下饭了，一口气看完	这个综艺太适合吃饭时看了，一口气看完	this variety show is perfect meal content, binged the whole thing	下饭	perfect for watching while eating	适合吃饭时看	weibo 2026-07-25
B-NEO-029	B	NEO	发疯文学必备文案，笑死我了	宣泄式文字表达必备文案，笑死我了	must-have lines for unhinged-rant posting, I'm dying laughing	发疯文学	unhinged rant genre ‖ crazy literature	宣泄式文字表达	weibo 2026-07-25
B-NEO-030	B	NEO	社恐人的噩梦，大型聚会	社交恐惧症患者的噩梦，大型聚会	a socially anxious person's worst nightmare, a huge gathering	社恐人	socially anxious person ‖ social-phobe ‖ person with social anxiety	社交恐惧症患者	weibo 2026-07-25
B-NEO-031	B	NEO	找不到原剧了，这个当代餐先看	找不到原剧了，这个当替代品先看	can't find the original, using this as a substitute for now	代餐	substitute ‖ replacement	替代品	weibo 2026-07-25
B-NEO-032	B	NEO	花2000买nike感觉自己好像大冤种	花2000买nike感觉自己好像大冤大头	spent 2k on nikes feeling like a total sucker	大冤种	big sucker	大冤大头	weibo 2026-07-23
B-NEO-033	B	NEO	腾讯这波泄密直接破防了，317万说没就没	腾讯这波泄密直接崩溃了，317万说没就没	Tencent's leak move really triggered a breakdown, 3.17 million gone just like that	破防	triggered a breakdown ‖ emotionally devastated	崩溃	weibo 2026-07-24
B-NEO-034	B	NEO	梅老板今年真可怜，这么强的个人发挥啥没有得到	梅西今年真可怜，这么强的个人发挥啥没有得到	Messi had a rough year insane individual performance but got nothing	梅老板	Messi	梅西	douyin 2026-07-23
B-NEO-035	B	NEO	吃瓜吃到自己头上了，腾讯泄密员工就是本人	看热闹看到自己头上了，腾讯泄密员工就是本人	I was following the drama, only to realize I’m the Tencent staff member who leaked the information	吃瓜吃到	follow online drama ‖ watch gossip	看热闹看到	weibo 2026-07-24
B-NEO-036	B	NEO	别搁这凡尔赛了，显摆啥呢	别搁这炫耀了，显摆啥呢	stop humble bragging already what are you flexing	凡尔赛	flexing	炫耀	tieba 2026-07-23
B-NEO-037	B	NEO	显卡市场太内卷了，价格涨得离谱	显卡市场竞争太激烈了，价格涨得离谱	The GPU market is hyper-competitive, prices rising outrageously	太内卷了	hyper-competitive ‖ fiercely competitive	竞争太激烈了	weibo 2026-07-24
B-NEO-038	B	NEO	这帖子水分太大，灌水灌的	这帖子水分太大，刷帖刷的	this post is so watered down pure spam	灌水灌的	spam	刷帖刷的	tieba 2026-07-23
B-NEO-039	B	NEO	打工人看完317万年终奖直接躺平了	打工人看完317万年终奖直接放弃了	Workers gave up striving after seeing the 3.17 million year-end bonus.	躺平	checked out ‖ gave up ‖ laid flat	放弃	weibo 2026-07-24
B-NEO-040	B	NEO	这剧情给我整破防了	这剧情给我整崩溃了	this plot totally broke me fr fr	破防	broke	崩溃	tieba 2026-07-23
B-NEO-041	B	NEO	这员工凡尔赛式晒年终奖，结果翻车了	这员工炫耀式晒年终奖，结果翻车了	This employee flaunted their year-end bonus in a humble-brag way, and it backfired	凡尔赛	humble-brag ‖ showing off	炫耀	weibo 2026-07-24
B-NEO-042	B	NEO	这手机信号拉胯到离谱	这手机信号差到离谱	this phone signal is garbage to an absurd degree	拉胯	garbage	差	tieba 2026-07-23
B-NEO-043	B	NEO	你这个行为真的很下头	你这个行为真的很扫兴	your behavior is such a turnoff rn	下头	turnoff	扫兴	weibo 2026-07-23
B-NEO-044	B	NEO	赛里木湖这事太下头了，景区管理太离谱	赛里木湖这事太让人失望了，景区管理太离谱	The Sarim Lake incident is too disappointing, scenic area management is outrageous	下头	disappointing ‖ a turn-off ‖ off-putting	让人失望	weibo 2026-07-24
B-NEO-045	B	NEO	他这个人好油腻	他这个人好油滑	this guy is so sleazy ick	油腻	sleazy	油滑	weibo 2026-07-23
B-NEO-046	B	NEO	没绷住破绷了	没绷住笑了	couldn't hold it in and totally lost it laughing	破绷	lost it	笑	douyin 2026-07-23
B-NEO-047	B	NEO	中国女排逆转美国，这波操作太上头了	中国女排逆转美国，这波操作太让人激动了	China women's volleyball reversed against USA, this move is so hype	上头	so hype ‖ exciting ‖ thrilling	让人激动	weibo 2026-07-24
B-NEO-048	B	NEO	天天水经验，也不发点有用的帖子	天天刷经验，也不发点有用的帖子	farming XP every day never posting anything useful	水经验	farming XP	刷经验	tieba 2026-07-23
B-NEO-049	B	NEO	这主播开挂实锤了，封号吧	这主播作弊实锤了，封号吧	this streamer is confirmed cheating, ban them	开挂	cheating	作弊	tieba 2026-07-23
B-NEO-050	B	NEO	内耗太严重了	内部消耗太严重了	internal friction is too serious smh	内耗	internal friction	内部消耗	weibo 2026-07-23
B-NEO-051	B	NEO	互联网嘴替实锤	互联网代言人实锤	confirmed internet mouthpiece	互联网嘴替	internet spokesperson	互联网代言人	weibo 2026-07-23
B-NEO-052	B	NEO	无职孝子还在嘴硬洗，服了	无职盲目辩护者还在嘴硬洗，服了	Mushoku Tensei stans still hard-stanning give up	孝子	stans	盲目辩护者	tieba 2026-07-23
B-NEO-053	B	NEO	双持党表示苹果和华为都不够用	同时用两部手机的人表示苹果和华为都不够用	dual-phone gang saying neither Apple nor Huawei is enough	双持党	dual-phone gang	同时用两部手机的人	tieba 2026-07-23
B-NEO-054	B	NEO	被种草了	被推荐心动了	got recommended I'm tempted to buy	种草	recommended and tempted	推荐心动	weibo 2026-07-23
B-NEO-055	B	NEO	拔草了不买	打消购买念头了不买	nah I'm not buying	拔草	decide not to buy	打消购买念头	weibo 2026-07-23
B-NEO-056	B	NEO	他好会整活	他好会搞怪	he's so good at being funny lol	整活	being funny	搞怪	weibo 2026-07-23
B-NEO-057	B	NEO	这个太炸了	这个太震撼了	this is too insane	炸	insane	震撼	weibo 2026-07-23
B-NEO-058	B	NEO	景区打人还理直气壮的，真是绝绝子	景区打人还理直气壮的，真是绝了	Beating people at a scenic spot and still acting righteous, truly absolutely outrageous	绝绝子	absolutely outrageous ‖ unbelievable ‖ jaw-dropping	绝了	weibo 2026-07-24
B-NEO-059	B	NEO	破防了	心理防线崩溃了	I'm emotionally broken	破防	emotionally broken	心理防线崩溃	weibo 2026-07-23
B-NEO-060	B	NEO	这个太上头了	这个太上瘾了	this is too addictive can't stop	上头	addictive	上瘾	weibo 2026-07-23
B-NEO-061	B	NEO	他好会营业	他好会讨好粉丝	he's so good at playing to his fans	营业	pleasing fans	讨好粉丝	weibo 2026-07-23
B-NEO-062	B	NEO	香港🇭🇰打车有这么卷吗？又难？	香港🇭🇰打车竞争有这么激烈吗？又难？	is getting a taxi in HK this intense? so hard?	有这么卷	intense competition	竞争有这么激烈	douyin 2026-07-23
B-NEO-063	B	NEO	这帖子纯纯的钓鱼经验，别当真	这帖子纯纯的骗经验，别当真	this post is pure bait for engagement don't fall for it	钓鱼经验	bait for engagement	骗经验	tieba 2026-07-23
B-NEO-064	B	NEO	纯纯的牛马人生	纯纯的打工人人生	pure wage slave life	牛马	wage slave	打工人	douyin 2026-07-23
B-NEO-065	B	NEO	是我不够糖吗	是我不够傻吗	am I not dumb enough? bruh	糖	dumb	傻	douyin 2026-07-23
B-NEO-066	B	NEO	这何意味啊	这什么意思啊	what does this even mean	何意味	what does this mean	什么意思	douyin 2026-07-23
B-NEO-067	B	NEO	摆烂了，爱咋咋地	放弃了，爱咋咋地	I give up whatever happens happens	摆烂	give up	放弃	douyin 2026-07-23
B-NEO-068	B	NEO	摆烂一天算了	放弃一天算了	let me rot for a day whatever	摆烂	let it rot	放弃	douyin 2026-07-23
B-NEO-069	B	NEO	内卷太严重了，打工人伤不起	过度竞争太严重了，打工人伤不起	the rat race is too intense workers can't take it	内卷	rat race	过度竞争	douyin 2026-07-23
B-NEO-070	B	NEO	这波操作属实逆天了	这波操作属实超乎想象了	this play is straight up insane	逆天	insane	超乎想象	douyin 2026-07-23
B-NEO-071	B	NEO	内卷到头秃，躺平又心慌	过度竞争到头秃，躺平又心慌	rat race till you're bald quit competing but still anxious	内卷	rat race	过度竞争	douyin 2026-07-23
B-NEO-072	B	NEO	不是哥们儿	不是吧，哥们儿	no way bro come on	不是哥们儿	no way bro	不是吧，哥们儿	douyin 2026-07-23
B-NEO-073	B	NEO	说出一个旅游热度很低但实际很夯的城市	说出一个旅游热度很低但实际很高的城市	name a city that's low-key but actually great	夯	popular ‖ great	高	douyin 2026-07-23
B-NEO-074	B	NEO	这波操作直接拉胯了	这波操作直接失常了	this play literally underperformed	拉胯	underperformed	失常	douyin 2026-07-23
B-NEO-075	B	NEO	这操作绝绝子，直接给我整不会了	这操作绝佳，直接给我整不会了	this play is amazing left me speechless	绝绝子	amazing	绝佳	douyin 2026-07-23
B-NEO-076	B	NEO	谁能能理解这种崩溃的心情，辛辛苦苦备考许久，就等着政审上岸，结果栽在了学历断层上	谁能能理解这种崩溃的心情，辛辛苦苦备考许久，就等着政审成功，结果栽在了学历断层上	who understands this despair? prepped for ages waiting to pass the political review only to get rejected by an education gap	上岸	pass	成功	douyin 2026-07-23
B-NEO-077	B	NEO	为什么留子都不爱和老外谈？	为什么留学生都不爱和老外谈？	why don't international students like dating foreigners? real talk	留子	international student	留学生	xhs 2026-07-23
B-NEO-078	B	NEO	哈包穿上衣服不习惯了	哈兰德穿上衣服不习惯了	not used to Haaland wearing clothes	哈包	Haaland (nickname)	哈兰德	xhs 2026-07-23
B-NEO-079	B	NEO	洗澡5分钟老公社死一整年	洗澡5分钟老公社会性死亡一整年	5-min shower and my husband is socially dead for a whole year rip	社死	socially dead	社会性死亡	xhs 2026-07-23
B-NEO-080	B	NEO	直接破防了家人们	直接心态失控了家人们	totally broke down mentally fam	破防	broke down	心态失控	douyin 2026-07-23
B-NEO-081	B	NEO	月薪不够5w不能这么活	月薪不够5万不能这么活	Can't live like this if monthly salary isn't even 50k	5w	50k ‖ 50,000	5万	bilibili 2026-07-24
B-NEO-082	B	NEO	爷青回	爷的青春回来了	Nostalgia hits hard.	爷青回	Nostalgia hits hard.	爷的青春回来了	bilibili BV1h4KU66ENd 2026-07-24
B-NEO-083	B	NEO	难他天？	难道他真的是天才？	Turns out he's a genius?	难他天	Turns out he's a genius?	难道他真的是天才	bilibili BV13YNd6dEb9 2026-07-24
B-NEO-084	B	NEO	基操	基本操作	Just basic mechanics	基操	basic mechanics ‖ standard play	基本操作	bilibili BV1WPNh6zEcx 2026-07-24
B-NEO-085	B	NEO	你这肯定是低段位炸鱼罢了	你这肯定是低段位欺负水平差的玩家罢了	You must be just smurfing in low rank	炸鱼	smurfing ‖ stomping noobs	欺负水平差的玩家	bilibili LOL BV1mTg46UE7Q 2026-07-24
B-NEO-086	B	NEO	刘宇宁一周不直播，棚友集体受不了！想念到发疯	刘宇宁一周不直播，粉丝集体受不了！想念到发疯	Liu Yuning hasn’t streamed for a week, all his fans can’t stand it and miss him terribly.	棚友	fans	粉丝	weibo 2026-07-25
B-PYA-001	B	PYA	xql日常太甜了，羡慕死了	小情侣日常太甜了，羡慕死了	this couple's daily life is too sweet, I'm so jealous	xql	couple ‖ young couple	小情侣	kuaishou 2026-07-25
B-PYA-003	B	PYA	xql之间的默契真的绝了	小情侣之间的默契真的绝了	the chemistry between this couple is insane	xql	couple	小情侣	kuaishou 2026-07-25
B-PYA-004	B	PYA	全网最甜xql非他们莫属	全网最甜小情侣非他们莫属	the sweetest couple on the internet has to be them	xql	couple	小情侣	kuaishou 2026-07-25
B-PYA-005	B	PYA	看到别人去欧洲旅游的照片，xmsl	看到别人去欧洲旅游的照片，羡慕死了	Seeing photos of others traveling in Europe makes me so envious.	xmsl	makes me so envious	羡慕死了	weibo 2026-07-25
B-PYA-007	B	PYA	新剧gkd！等不及了	新剧搞快点！等不及了	hurry up with the new drama! can't wait	gkd	hurry up	搞快点	weibo 2026-07-25
B-PYA-009	B	PYA	xgg们推荐一下好用的手机呗	小哥哥们推荐一下好用的手机呗	boys recommend some good phones pls	xgg	boys ‖ guys	小哥哥	tieba 2026-07-25
B-PYA-010	B	PYA	这个xgg好帅，求联系方式	这个小哥哥好帅，求联系方式	this guy is so handsome, asking for his contact	xgg	guy ‖ handsome boy	小哥哥	weibo 2026-07-25
B-PYA-011	B	PYA	jrm帮我看看这个怎么选	家人们帮我看看这个怎么选	fam help me figure out which one to pick	jrm	fam ‖ guys	家人们	tieba 2026-07-25
B-PYA-012	B	PYA	jrm今天发生了一件离谱的事	家人们今天发生了一件离谱的事	fam something wild happened today	jrm	fam ‖ y'all	家人们	tieba 2026-07-25
B-PYA-013	B	PYA	8u们觉得这配置怎么样	吧友们觉得这配置怎么样	what do you tieba folks think of this setup?	8u	tieba folks	吧友	tieba 2026-07-23
B-PYA-014	B	PYA	王虹yyds！中国数学家终于拿到菲尔兹奖了	王虹永远的神！中国数学家终于拿到菲尔兹奖了	Wang Hong is the GOAT! A Chinese mathematician finally won the Fields Medal	yyds	the GOAT ‖ the greatest of all time	永远的神	weibo 2026-07-24
B-PYA-015	B	PYA	这条rs怎么还没上	这条热搜怎么还没上	why isn't this trending yet	rs	trending	热搜	weibo 2026-07-23
B-PYA-016	B	PYA	xswl，陈哲远在密逃里也太搞笑了吧	笑死我了，陈哲远在密逃里也太搞笑了吧	Lmao, Chen Zheyuan is just too funny in Great Escape	xswl	Lmao ‖ lol ‖ dead	笑死我了	weibo 2026-07-24
B-PYA-017	B	PYA	14个月正是穿lulu的时候	14个月正是穿Lululemon的时候	14 months is prime Lululemon season	lulu	Lululemon	Lululemon	xhs 2026-07-23
B-PYA-018	B	PYA	dd，中国女排3比2逆转美国太牛了	顶顶，中国女排3比2逆转美国太牛了	Bump, China women's volleyball 3-2 comeback against USA is amazing	dd	Bump ‖ push up	顶顶	weibo 2026-07-24
B-PYA-019	B	PYA	rt，大家帮我看看这手机值不值	如图，大家帮我看看这手机值不值	see pic help me check if this phone is worth it	rt	see pic	如图	tieba 2026-07-23
B-PYA-020	B	PYA	jrs怎么看腾讯这个泄密处理？	家人们怎么看腾讯这个泄密处理？	Fam, what do you think of Tencent's leak handling?	jrs	Fam ‖ Guys ‖ Y'all	家人们	weibo 2026-07-24
B-PYA-021	B	PYA	srds，赛里木湖打人这事不能就这么算了	虽然但是，赛里木湖打人这事不能就这么算了	Be that as it may, the Sarim Lake beating incident can't just be let go like this	srds	Be that as it may ‖ Even so ‖ Still	虽然但是	weibo 2026-07-24
B-PYA-022	B	PYA	白色真是yyds	白色真是永远的神	white is truly the GOAT	yyds	the GOAT	永远的神	douyin 2026-07-23
B-PYA-023	B	PYA	u1s1，317万年终奖确实让人眼红	有一说一，317万年终奖确实让人眼红	To be honest, a 3.17 million year-end bonus does make people envious	u1s1	To be honest ‖ TBH ‖ Honestly	有一说一	weibo 2026-07-24
B-PYA-024	B	PYA	XHS上好多人在讨论	小红书上好多人在讨论	so many people talking about it on Xiaohongshu	XHS	Xiaohongshu	小红书	weibo 2026-07-23
B-PYA-025	B	PYA	显卡涨价这消息直接让我blx了	显卡涨价这消息直接让我玻璃心了	The GPU price hike news really triggered my fragile heart	blx	triggered my fragile heart ‖ hurt my fragile heart	玻璃心	weibo 2026-07-24
B-PYA-026	B	PYA	好好好 好一个kpop拉子(bushi)	好好好 好一个kpop拉子(不是)	ok ok ok what a kpop lesbian (not)	bushi	not (negation)	不是	xhs 2026-07-23
B-PYA-027	B	PYA	某些景区管理真是yygq，表面道歉背后照样	某些景区管理真是阴阳怪气，表面道歉背后照样	Some scenic area management is really passive-aggressive, apologizing on the surface but same behind the scenes	yygq	passive-aggressive ‖ sarcastic	阴阳怪气	weibo 2026-07-24
B-PYA-028	B	PYA	nb！这个操作太秀了	牛逼！这个操作太秀了	Sick move! Absolute W	nb	Sick	牛逼	bilibili 2026-07-23
B-PYA-029	B	PYA	50亿离婚案的瓜我吃了，dbq我不站队	50亿离婚案的瓜我吃了，对不起我不站队	I’ve followed the 5-billion divorce drama, sorry, I’m not taking sides.	dbq	sorry ‖ my bad ‖ apologies	对不起	weibo 2026-07-24
B-PYA-030	B	PYA	这就是尊贵的b站用户🤣🤣🤣	这就是尊贵的B站用户🤣🤣🤣	this is what being a distinguished Bilibili user looks like 🤣🤣🤣	b站	Bilibili	B站	douyin 2026-07-23
B-PYA-031	B	PYA	王虹从垫底到菲尔兹奖，这波直接nb	王虹从垫底到菲尔兹奖，这波直接牛逼	Wang Hong from bottom to Fields Medal, this move is just insane	nb	just insane ‖ badass ‖ straight fire	牛逼	weibo 2026-07-24
B-PYA-032	B	PYA	xjj们推荐一下好用的手机呗	小姐姐们推荐一下好用的手机呗	girls recommend some good phones pls	xjj	girls	小姐姐	tieba 2026-07-23
B-PYA-033	B	PYA	bl粉丝太能控评了	白鹿粉丝太能控评了	Bai Lu fans are too good at controlling the comments	bl	Bai Lu	白鹿	weibo 2026-07-23
B-PYA-034	B	PYA	会聊天的男生真的yyds	会聊天的男生真的永远的神	guys who can flirt are truly the GOAT	yyds	the GOAT	永远的神	douyin 2026-07-23
B-PYA-035	B	PYA	哈哈哈哈哈哈哈笑死，我们00真的老kpop人了	哈哈哈哈哈哈哈笑死，我们2000年后出生的人真的老kpop人了	lmaooo us Gen Z are such veteran kpop fans	00	Gen Z	2000年后出生的人	xhs 2026-07-23
B-PYA-036	B	PYA	减脂党狂喜！番茄鸡蛋燕麦粥yyds	减脂党狂喜！番茄鸡蛋燕麦粥永远的神	diet crew rejoice! tomato egg oatmeal is the GOAT	yyds	the GOAT	永远的神	douyin 2026-07-23
B-PYA-037	B	PYA	jrs帮我看看这鱼竿行不行	家人们帮我看看这鱼竿行不行	fam help me check if this fishing rod is any good	jrs	fam	家人们	tieba 2026-07-23
B-PYA-038	B	PYA	一个会调情的男生真的YYDS	一个会调情的男生真的永远的神	a guy who knows how to flirt is truly the GOAT	YYDS	the GOAT	永远的神	douyin 2026-07-23
B-PYA-039	B	PYA	bdjw这个怎么用	不懂就问这个怎么用	asking cuz idk how do I use this	bdjw	don't understand asking	不懂就问	weibo 2026-07-23
B-PYA-040	B	PYA	蓝盈莹第一场戏好像就是撞棺紫砂	蓝盈莹第一场戏好像就是撞棺自杀	Lan Yingying's first scene was literally suicide by coffin smash	紫砂	suicide	自杀	xhs 2026-07-23
B-PYA-041	B	PYA	泰奶+Gelato yyds！！！	泰奶+Gelato 永远的神！！！	Thai milk tea + Gelato is the GOAT!!!	yyds	the GOAT	永远的神	douyin 2026-07-23
B-PYA-042	B	PYA	yygq什么呢，有话直说不行吗	阴阳怪气什么呢，有话直说不行吗	what are you being passive-aggressive about just say it straight	yygq	passive-aggressive	阴阳怪气	tieba 2026-07-23
B-PYA-043	B	PYA	zqsg追星好累	真情实感追星好累	chasing idols with genuine feelings is exhausting	zqsg	genuine feelings	真情实感	weibo 2026-07-23
B-PYA-044	B	PYA	u1s1，这个视频做得真好	有一说一，这个视频做得真好	Fr, this video slaps	u1s1	Fr	有一说一	bilibili 2026-07-23
B-PYA-045	B	PYA	别再吃麻辣烫！干拌麻辣拌才是yyds	别再吃麻辣烫！干拌麻辣拌才是永远的神	stop eating malatang! dry-mixed mala ban is the GOAT	yyds	the GOAT	永远的神	douyin 2026-07-23
B-PYA-046	B	PYA	这吧里xfxy的，天天吵架	这吧里血风血雨的，天天吵架	this forum is so chaotic fighting every day smh	xfxy	chaotic	血风血雨	tieba 2026-07-23
B-PYA-047	B	PYA	srds他还是很有实力的	虽然但是他还是很有实力的	sthough he still got bars	srds	sthough	虽然但是	weibo 2026-07-23
B-PYA-048	B	PYA	xswl 这都能洗？	笑死我了 这都能洗？	lmao you can defend even this?	xswl	lmao	笑死我了	douyin 2026-07-23
B-PYA-049	B	PYA	rwkk这到底是什么鱼	让我看看这到底是什么鱼	lemme see what fish is this	rwkk	lemme see	让我看看	tieba 2026-07-23
B-PYA-050	B	PYA	dd我一下	滴滴我一下	hit me up	dd	hit me up	滴滴	weibo 2026-07-23
B-PYA-051	B	PYA	tcl，我真的太菜了	太菜了，我真的太菜了	I'm way too noob	tcl	too noob	太菜了	bilibili 2026-07-23
B-PYA-052	B	PYA	夏天就好这一口！！天妇罗冰锅yyds！！	夏天就好这一口！！天妇罗冰锅永远的神！！	summer vibes!! tempura ice pot is the GOAT!!	yyds	the GOAT	永远的神	douyin 2026-07-23
B-PYA-053	B	PYA	xswl这弱智吧的帖子太搞笑了	笑死我了这弱智吧的帖子太搞笑了	lmao the posts in this dumbass forum are too funny	xswl	lmao	笑死我了	tieba 2026-07-23
B-PYA-054	B	PYA	马到成功yyds	马到成功永远的神	May you succeed effortlessly, it’s top tier!	yyds	top tier	永远的神	douyin 2026-07-23
B-PYA-055	B	PYA	这操作nb啊，大佬带带我	这操作牛逼啊，大佬带带我	this play is sick bro carry me	nb	sick	牛逼	tieba 2026-07-23
B-PYA-056	B	PYA	这个cp太好磕了	这个配对太好磕了	this ship is too good fr fr	cp	ship	配对	weibo 2026-07-23
B-PYA-057	B	PYA	这俩离不开浓妆美颜强凹ABC	这俩离不开浓妆美颜强凹American Born Chinese	these two can't go without heavy makeup + filters trying to act all ABC	ABC	ABC	American Born Chinese	xhs 2026-07-23
B-PYA-058	B	PYA	kdl，这对CP太甜了	磕到了，这对CP太甜了	I'm shipping it this CP is too sweet	kdl	I'm shipping it	磕到了	bilibili 2026-07-23
B-PYA-059	B	PYA	山航yyds	山航永远的神	Shandong Airlines is the GOAT	yyds	the GOAT	永远的神	douyin 2026-07-23
B-PYA-060	B	PYA	cpf又在磕了	CP粉又在磕了	shippers shipping again	cpf	shippers	CP粉	weibo 2026-07-23
B-PYA-061	B	PYA	dddd，支持UP主！	顶顶顶顶，支持UP主！	bump bump bump bump support the creator!	dddd	bump	顶顶顶顶	bilibili 2026-07-23
B-PYA-062	B	PYA	xswl打印机都沦没墨了	笑死我了打印机都沦没墨了	lmao even the printer ran out of ink	xswl	lmao	笑死我了	douyin 2026-07-23
B-PYA-063	B	PYA	fs们太能打了	粉丝们太能打了	fans are too cracked	fs	fans	粉丝	weibo 2026-07-23
B-PYA-064	B	PYA	ssfd，这个太恐怖了	瑟瑟发抖，这个太恐怖了	shook this is too scary	ssfd	shook	瑟瑟发抖	bilibili 2026-07-23
B-PYA-065	B	PYA	bt，时常因为不够bt而觉得跟这个世界格格不入	变态，时常因为不够变态而觉得跟这个世界格格不入	pervert always feeling out of place cuz I'm not weird enough lol	bt	pervert	变态	douyin 2026-07-23
B-PYA-066	B	PYA	这图谁发明的，xswl	这图谁发明的，笑死我了	who invented this image lmao	xswl	lmao	笑死我了	douyin 2026-07-23
B-PYA-067	B	PYA	tcl这游戏技术，菜到抠脚	太菜了这游戏技术，菜到抠脚	too noob this game skill noob to the extreme	tcl	noob	太菜了	tieba 2026-07-23
B-PYA-068	B	PYA	zqsg追了这么多年，终于更新了	真情实感追了这么多年，终于更新了	been following with real feelings for years finally an update	zqsg	true feelings	真情实感	douyin 2026-07-23
B-PYA-069	B	PYA	Xswl就说有没有美味大餐吧哈哈哈哈哈哈哈	笑死我了就说有没有美味大餐吧哈哈哈哈哈哈哈	lmao just tell me if there's a feast hahahahaha	Xswl	lmao	笑死我了	douyin 2026-07-23
B-PYA-070	B	PYA	nsdd，你说得对	你说得对，你说得对	nsdd you're right	nsdd	you're right	你说得对	douyin 2026-07-23
B-PYA-071	B	PYA	xswl一人血书求这个短剧拍真人版	笑死我了一人血书求这个短剧拍真人版	lmao starting a one-person petition for a live-action version	xswl	lmao	笑死我了	douyin 2026-07-23
B-PYA-072	B	PYA	szd，这个是真的	是真的，这个是真的	it's legit this is the real deal	szd	It's true	是真的	douyin 2026-07-23
B-PYA-073	B	PYA	pyq，朋友圈见	朋友圈，朋友圈见	see you in Moments	pyq	Moments	朋友圈	douyin 2026-07-23
B-PYA-074	B	PYA	这个耳朵前后的颜色变化xswl	这个耳朵前后的颜色变化笑死我了	the color change before and after this ear lmao	xswl	lmao	笑死我了	douyin 2026-07-23
B-PYA-075	B	PYA	dbq，对不起我错了	对不起，对不起我错了	sry sorry I was wrong	dbq	Sorry	对不起	douyin 2026-07-23
B-PYA-076	B	PYA	xswl皇帝的新衣	笑死我了皇帝的新衣	lmao emperor's new clothes	xswl	lmao	笑死我了	douyin 2026-07-23
B-PYA-077	B	PYA	哈哈哈哈哈xswl	哈哈哈哈哈笑死我了	hahahahaha lmao	xswl	lmao	笑死我了	douyin 2026-07-23
B-PYA-078	B	PYA	真的栓Q了家人们	真的受够了家人们	I've really had enough, guys.	栓Q	had enough	受够	xhs 2026-07-23
B-PYA-079	B	PYA	8u🚪什么意思	吧友们什么意思	tieba bros what does this mean	8u🚪	tieba bros	吧友们	douyin 2026-07-23
B-PYA-080	B	PYA	什么成分？xdm锐评。	什么成分？兄弟们锐评。	what's their deal? bros rate.	xdm	bros	兄弟们	douyin 2026-07-23
B-PYA-081	B	PYA	氪金也能让各家fs满意	氪金也能让各家粉丝满意	spending money can also satisfy every camp's fans	fs	fans	粉丝	xhs 2026-07-23
B-PYA-082	B	PYA	咱姐硬生生从良子嘴里抠出3w多粉丝	咱姐硬生生从良子嘴里抠出3万多粉丝	Our sis somehow pulled more than thirty thousand followers out of Liangzi.	3w	thirty thousand	3万	douyin 2026-07-23
B-PYA-083	B	PYA	她俩要是有cpf这都能当谈过的证据了	她俩要是有CP粉这都能当谈过的证据了	if they had shippers this could count as dating proof	cpf	shippers	CP粉	xhs 2026-07-23
B-PYA-084	B	PYA	塔图姆NB	塔图姆牛逼	Tatum is insane.	NB	insane	牛逼	douyin 2026-07-23
B-PYA-085	B	PYA	想吃肉质Q弹的就买散养老公鸡	想吃肉质紧实弹牙的就买散养老公鸡	if you want bouncy meat buy free-range rooster	Q弹	bouncy	紧实弹牙	xhs 2026-07-23
B-PYA-086	B	PYA	yysy，两边都看完了	有一说一，两边都看完了	To be honest, I watched both sides	yysy	To be honest ‖ TBH ‖ honestly	有一说一	bilibili ACG_sock_studies BV1Tdgh6aESA comment 2026-07-24
B-MIX-001	B	MIX	这首歌的hook太洗脑了，循环一天	这首歌的记忆点太洗脑了，循环一天	this song's hook is so catchy, been looping all day	hook	hook ‖ catchy part	记忆点	kuaishou 2026-07-25
B-MIX-002	B	MIX	短视频前3秒就是hook，抓不住人就划走了	短视频前3秒就是吸引人的部分，抓不住人就划走了	the first 3 seconds of a short video is the hook, lose them and they scroll away	hook	hook	吸引人的部分	kuaishou 2026-07-25
B-MIX-003	B	MIX	新专辑终于drop了，等了好久	新专辑终于发布了，等了好久	the new album finally dropped, been waiting forever	drop	drop ‖ release	发布	kuaishou 2026-07-25
B-MIX-004	B	MIX	这个品牌下周drop新款，必须抢	这个品牌下周推出新款，必须抢	this brand is dropping new styles next week, gotta grab them	drop	drop ‖ launch	推出	kuaishou 2026-07-25
B-MIX-005	B	MIX	这波clutch操作直接翻盘，太牛了	这波关键时刻的操作直接翻盘，太牛了	this clutch play turned the game around, insane	clutch	clutch ‖ key moment	关键时刻的	kuaishou 2026-07-25
B-MIX-006	B	MIX	决赛最后一分钟clutch绝杀	决赛最后一分钟关键时刻绝杀	clutch buzzer-beater in the final minute of the finals	clutch	clutch	关键时刻	kuaishou 2026-07-25
B-MIX-007	B	MIX	这游戏画质也就mid水平，玩法也一般	这游戏画质也就一般水平，玩法也一般	this game's graphics are just mid, gameplay is average too	mid	mid ‖ mediocre ‖ average	一般	bilibili 2026-07-25
B-MIX-008	B	MIX	这套穿搭直接slay全场	这套穿搭直接秒杀全场	this outfit slays the whole room	slay	slay ‖ kill it	秒杀	bilibili 2026-07-25
B-MIX-009	B	MIX	王虹这波演讲直接slay	王虹这波演讲直接秒杀全场	Wang Hong's speech just slayed	slay	slayed ‖ killed it	秒杀全场	bilibili 2026-07-25
B-MIX-010	B	MIX	上班就是当NPC，每天重复同样的台词	上班就是当非玩家角色，每天重复同样的台词	going to work is being an NPC, repeating the same lines every day	NPC	NPC ‖ non-player character	非玩家角色	bilibili 2026-07-25
B-MIX-011	B	MIX	别当NPC了，做自己生活的主角	别当非玩家角色了，做自己生活的主角	stop being an NPC, be the main character of your own life	NPC	NPC ‖ background character	非玩家角色	bilibili 2026-07-25
B-MIX-012	B	MIX	i人沦为e人玩具，太真实了	内向者沦为外向者玩具，太真实了	introverts becoming playthings for extroverts, too real	i人‖e人	introvert ‖ extrovert	内向者‖外向者	weibo 2026-07-25
B-MIX-013	B	MIX	e人累了一周还要爬起来继续嗨	外向的人累了一周还要爬起来继续嗨	extroverts have been tired all week and still have to get up and keep partying	e人	extrovert ‖ extroverts ‖ E-type	外向的人	weibo 2026-07-25
B-MIX-014	B	MIX	刻在骨子里的秀粉DNA瞬间苏醒	刻在骨子里的秀粉基因瞬间苏醒	the idol fan DNA embedded in my bones instantly awakened	DNA	DNA ‖ genetic memory	基因	weibo 2026-07-25
B-MIX-015	B	MIX	POV：你是最后一个知道消息的人	视角：你是最后一个知道消息的人	POV: you're the last person to find out	POV	POV ‖ point of view	视角	weibo 2026-07-25
B-MIX-016	B	MIX	当地人真的好chill，十一点上班六点下班	当地人真的好悠闲放松，十一点上班六点下班	the locals are so chill, starting work at 11 and off at 6	chill	chill ‖ laid-back	悠闲放松	weibo 2026-07-25
B-MIX-017	B	MIX	这个视频太cringe了，看不下去	这个视频太尴尬了，看不下去	this video is too cringe, can't even watch	cringe	cringe ‖ secondhand embarrassment	尴尬	weibo 2026-07-25
B-MIX-018	B	MIX	这个行为好sus，不对劲	这个行为好可疑，不对劲	this behavior is so sus, something's off	sus	sus ‖ suspicious	可疑	weibo 2026-07-25
B-MIX-019	B	MIX	别flex了，谁不知道你有钱	别炫耀了，谁不知道你有钱	stop flexing, everyone knows you're rich	flex	flex ‖ show off	炫耀	weibo 2026-07-25
B-MIX-020	B	MIX	这首歌被hype过头了，其实一般	这首歌被炒作过头了，其实一般	this song got way too much hype, it's actually just average	hype	hype ‖ overhyped	炒作	weibo 2026-07-25
B-MIX-021	B	MIX	今天又偶遇crush了，太巧了	今天又偶遇暗恋对象了，太巧了	ran into my crush again today, what a coincidence	crush	crush ‖ someone you have a crush on	暗恋对象	weibo 2026-07-25
B-MIX-022	B	MIX	我ship的CP终于官宣了	我支持的情侣组合终于官宣了	the ship I've been rooting for finally went official	ship的CP	ship ‖ support a pairing	支持的情侣组合	weibo 2026-07-25
B-MIX-023	B	MIX	作为stan我必须说偶像这次回归太棒了	作为狂热粉我必须说偶像这次回归太棒了	as a stan I gotta say the idol's comeback is amazing	stan	stan ‖ die-hard fan	狂热粉	weibo 2026-07-25
B-MIX-024	B	MIX	期待偶像的comeback，新专辑什么时候发	期待偶像的回归，新专辑什么时候发	looking forward to the idol's comeback, when's the new album dropping	comeback	comeback ‖ return	回归	weibo 2026-07-25
B-MIX-025	B	MIX	这也太离谱了吧我直接emo	这也太离谱了吧我直接抑郁	this is so outrageous I'm literally emo rn	emo	emo	抑郁	weibo 2026-07-23
B-MIX-026	B	MIX	看到317万年终奖我直接emo了	看到317万年终奖我直接情绪低落了	Seeing the 3.17 million year-end bonus, I got all emo	emo	got all emo ‖ felt emotionally down	情绪低落	weibo 2026-07-24
B-MIX-027	B	MIX	掉san了，这个太恐怖了	掉san值了，这个太恐怖了	lost my sanity this is too scary bruh	掉san	Lost sanity	掉san值	bilibili 2026-07-23
B-MIX-028	B	MIX	王虹这波citywalk直接从北大走到菲尔兹奖	王虹这波城市漫步直接从北大走到菲尔兹奖	Wang Hong's citywalk took her all the way from Peking University to the Fields Medal	citywalk	citywalk ‖ city stroll	城市漫步	weibo 2026-07-24
B-MIX-029	B	MIX	在上海街头随性citywalk	在上海街头随性城市漫步	casual city walk on Shanghai streets	citywalk	city walk	城市漫步	weibo 2026-07-23
B-MIX-030	B	MIX	中国女排这vibe太强了，3比2逆转太燃	中国女排这氛围太强了，3比2逆转太燃	China women's volleyball's vibe is so strong, the 3-2 comeback is so inspiring	vibe	vibe ‖ atmosphere	氛围	weibo 2026-07-24
B-MIX-031	B	MIX	这番属于ACGN圈的经典之作了	这番属于动漫游文圈的经典之作了	this anime is a classic in the ACGN circle	ACGN	ACGN	动漫游文	tieba 2026-07-23
B-MIX-032	B	MIX	50亿离婚案这drama程度堪比韩剧	50亿离婚案这戏剧性程度堪比韩剧	The drama level of the 5 billion divorce case rivals a Korean drama	drama	drama level ‖ dramatic level	戏剧性	weibo 2026-07-24
B-MIX-033	B	MIX	今日OOTD分享	今日穿搭分享	today's OOTD drop	OOTD	OOTD	穿搭	weibo 2026-07-23
B-MIX-034	B	MIX	赛里木湖这波操作太low了，景区管理丢人	赛里木湖这波操作太低级了，景区管理丢人	Sarim Lake's move this time is too low-class, scenic area management is embarrassing	low	low-class ‖ low ‖ cheap	低级	weibo 2026-07-24
B-MIX-035	B	MIX	OMG这也太好看了	我的天这也太好看了	OMG this looks so good	OMG	OMG	我的天	weibo 2026-07-23
B-MIX-036	B	MIX	腾讯这波泄密事件直接social death了	腾讯这波泄密事件直接社会性死亡了	Tencent's leak incident this time resulted in total social suicide	social death	social suicide ‖ got cancelled	社会性死亡	weibo 2026-07-24
B-MIX-037	B	MIX	这游戏全DLC都买了，花了好几百	这游戏全可下载内容都买了，花了好几百	bought all the DLC spent several hundred	DLC	DLC	可下载内容	tieba 2026-07-23
B-MIX-038	B	MIX	显卡涨价涨成这样，简直是price离谱	显卡涨价涨成这样，简直是价格离谱	GPU prices going up this much, the price is just outrageous	price	the price is just outrageous ‖ price is outrageous	价格	weibo 2026-07-24
B-MIX-039	B	MIX	这个GMV变高了	这个商品交易总额变高了	this GMV went up	GMV	GMV	商品交易总额	weibo 2026-07-23
B-MIX-040	B	MIX	过度分享这件事真的太trigger了，边界感很重要	过度分享这件事真的太触发了，边界感很重要	Oversharing is really triggering. Boundaries matter.	trigger	triggering ‖ triggering me	触发	weibo 2026-07-24
B-MIX-041	B	MIX	这个meme太火了	这个梗太火了	this meme is too fire lol	meme	meme	梗	bilibili 2026-07-23
B-MIX-042	B	MIX	陈哲远在密逃里的reaction太搞笑了	陈哲远在密逃里的反应太搞笑了	Chen Zheyuan's reaction in the escape room show is too funny	reaction	reaction ‖ response	反应	weibo 2026-07-24
B-MIX-043	B	MIX	用来换做成AGI的概率	用来换做成通用人工智能的概率	probability of achieving AGI	AGI	AGI	通用人工智能	weibo 2026-07-23
B-MIX-044	B	MIX	50亿离婚案这个level太高了，普通人理解不了	50亿离婚案这个级别太高了，普通人理解不了	The level of the 5 billion divorce case is too high, ordinary people can't understand	level	level ‖ tier	级别	weibo 2026-07-24
B-MIX-045	B	MIX	cosplay得很好，很像	角色扮演得很好，很像	cosplay done right looks so similar	cosplay	Cosplay	角色扮演	bilibili 2026-07-23
B-MIX-046	B	MIX	这个app一到发售就崩	这个应用一到发售就崩	this app crashes every launch	app	app	应用	weibo 2026-07-23
B-MIX-047	B	MIX	这个角色太OP了	这个角色太强了	this character is way too overpowered	OP	overpowered	强	bilibili 2026-07-23
B-MIX-048	B	MIX	lpl历史上有像清算48同样力度的清算吗？	LPL历史上有像清算48同样力度的清算吗？	has there ever been a reckoning as hard as '48' in LPL history?	lpl	LPL	LPL	douyin 2026-07-23
B-MIX-049	B	MIX	加个buff，变得更强	加个增益，变得更强	add a power-up get stronger ez	buff	power-up	增益	bilibili 2026-07-23
B-MIX-050	B	MIX	这个logo设计得好	这个品牌标识设计得好	this logo is well designed	logo	logo	品牌标识	weibo 2026-07-23
B-MIX-051	B	MIX	被nerf了，变弱了	被削弱了，变弱了	got nerfed got weaker smh	nerf	nerfed	削弱	bilibili 2026-07-23
B-MIX-052	B	MIX	我刚才去打apex了	我刚才去打Apex了	just went to play Apex	apex	Apex Legends	Apex	douyin 2026-07-23
B-MIX-053	B	MIX	GDP十强省份变了	国内生产总值十强省份变了	GDP top 10 provinces changed	GDP	GDP	国内生产总值	weibo 2026-07-23
B-MIX-054	B	MIX	GG了，完了	完了，完了	It's game over, we're done for.	GG	game over	完	bilibili 2026-07-23
B-MIX-055	B	MIX	就是在cp里吃瓜	就是在搭档组合里吃瓜	just watching the drama in the ship	cp	ship	搭档组合	douyin 2026-07-23
B-MIX-056	B	MIX	图样森破，你太天真了	Too young too simple，你太天真了	too young too simple you're too naive	图样森破	Too young too simple	Too young too simple	tieba 2026-07-23
B-MIX-057	B	MIX	这个AI太厉害了	这个人工智能太厉害了	this AI is way too OP fr	AI	AI	人工智能	weibo 2026-07-23
B-MIX-058	B	MIX	carry全场，带飞	带飞全场，带飞	carrying the whole squad what a carry	carry	Carry	带飞	bilibili 2026-07-23
B-MIX-059	B	MIX	她学的是泰语又不是IT	她学的是泰语又不是信息技术	she studies Thai not IT	IT	IT	信息技术	douyin 2026-07-23
B-MIX-060	B	MIX	VIP通道真快	贵宾通道真快	VIP lane is so fast	VIP	VIP	贵宾	weibo 2026-07-23
B-MIX-061	B	MIX	solo一下，单挑	单挑一下，单挑	solo it 1v1 me bro	solo	Solo	单挑	bilibili 2026-07-23
B-MIX-062	B	MIX	这个PK谁赢了	这个对决谁赢了	who won this duel	PK	duel	对决	weibo 2026-07-23
B-MIX-063	B	MIX	因凡蒂诺和FIFA演都不演了，这是纯把梅西世界杯金球奖给抢劫了	因凡蒂诺和国际足联演都不演了，这是纯把梅西世界杯金球奖给抢劫了	Infantino and FIFA aren't even hiding it anymore straight up robbed Messi of the World Cup Golden Ball	FIFA	FIFA	国际足联	douyin 2026-07-23
B-MIX-064	B	MIX	做个SPA放松一下	做个水疗放松一下	getting a spa to relax	SPA	spa	水疗	weibo 2026-07-23
B-MIX-065	B	MIX	这个DJ太嗨了	这个唱片骑师太嗨了	this DJ is too lit	DJ	DJ	唱片骑师	weibo 2026-07-23
B-MIX-066	B	MIX	Rush E 朗朗PK街头钢琴家	Rush E 朗朗对决街头钢琴家	Rush E Lang Lang versus street pianist	PK	versus	对决	douyin 2026-07-23
B-MIX-067	B	MIX	这动漫OP太好听了，循环播放	这动漫片头曲太好听了，循环播放	this anime opening slaps on loop	OP	opening	片头曲	tieba 2026-07-23
B-MIX-068	B	MIX	买个iPad记笔记	买个平板电脑记笔记	getting an iPad for notes	iPad	iPad	平板电脑	weibo 2026-07-23
B-MIX-069	B	MIX	抖音的bgm怎么突然变得那么难听了到处都是想问问你敢不敢还有那天我经过一片花园	抖音的背景音乐怎么突然变得那么难听了到处都是想问问你敢不敢还有那天我经过一片花园	why has Douyin's background music gotten so bad everywhere it's either 'I Want to Ask If You Dare' or 'That Day I Passed a Garden'	bgm	background music	背景音乐	douyin 2026-07-23
B-MIX-070	B	MIX	这个PPT做得好	这个演示文稿做得好	this PowerPoint is well made	PPT	powerpoint presentation	演示文稿	weibo 2026-07-23
B-MIX-071	B	MIX	法法这期ooc了吧	法法这期脱离扮演角色了吧	Fafa was so out of character this episode bruh	ooc	out of character	脱离扮演角色	douyin 2026-07-23
B-MIX-072	B	MIX	3.5h通关	3.5小时通关	beat the game in 3.5 hours	h	hours	小时	douyin 2026-07-23
B-MIX-073	B	MIX	这个ins风好看	这个网红风好看	this Instagram aesthetic looks good	ins	Instagram	网红	weibo 2026-07-23
B-MIX-074	B	MIX	我的文化水平belike	我的文化水平就像这样	my education level be like lmao	belike	be like	就像这样	douyin 2026-07-23
B-MIX-075	B	MIX	来杯matcha	来杯抹茶	a cup of matcha	matcha	matcha	抹茶	weibo 2026-07-23
B-MIX-076	B	MIX	店员花一秒钟get到你的意思了	店员花一秒钟理解到你的意思了	the clerk took one second to get your meaning	get	get	理解	douyin 2026-07-23
B-MIX-077	B	MIX	这个vlog拍得好	这个视频博客拍得好	this vlog is well shot	vlog	vlog	视频博客	weibo 2026-07-23
B-MIX-078	B	MIX	学习上problem不能发作	学习上问题不能发作	can't let the issue flare up during studying	problem	issue	问题	douyin 2026-07-23
B-MIX-079	B	MIX	好久没有笑的这么开心了，必须收藏起来emo了再看	好久没有笑的这么开心了，必须收藏起来抑郁了再看	haven't laughed this hard in ages saving it to watch when I'm feeling down fr	emo	feeling down	抑郁	douyin 2026-07-23
B-MIX-080	B	MIX	cult导演后悔道剧组没有你	邪典导演后悔道剧组没有你	cult director regrets not having you on set	cult	cult	邪典	douyin 2026-07-23
B-MIX-081	B	MIX	从技术舞美上讲是挺牛，但从意识上讲buff快叠满了	从技术舞美上讲是挺牛，但从意识上讲增益快叠满了	technically the stage design is pretty sick but ideologically the power-ups are almost fully stacked	buff	power-ups	增益	xhs 2026-07-23
B-MIX-082	B	MIX	上了初中就开始恶化了，甚至游戏也会拖一会儿再启动，作业拖到ddl就算是期末周也学不进去	上了初中就开始恶化了，甚至游戏也会拖一会儿再启动，作业拖到截止日期就算是期末周也学不进去	middle school hit different even games I delay homework till deadline even in finals week can't focus smh	ddl	deadline	截止日期	xhs 2026-07-23
B-MIX-083	B	MIX	ddl就在眼前了还在摆烂	截止日期就在眼前了还在摆烂	deadline is right there and you're still slacking	ddl	deadline	截止日期	xhs 2026-07-23
B-MIX-084	B	MIX	asmr助眠真的有用吗	自发性知觉经络反应助眠真的有用吗	does ASMR for sleep actually work	asmr	ASMR	自发性知觉经络反应	xhs 2026-07-23
B-MIX-085	B	MIX	超mean老奶一般是英语老师	超刻薄老奶一般是英语老师	Super mean old ladies are usually English teachers	mean	mean ‖ harsh ‖ nasty	刻薄	bilibili 2026-07-24
B-MIX-086	B	MIX	绝对音感的正确用法belike	绝对音感的正确用法是这样	The correct usage of absolute pitch be like	belike	be like	是这样	bilibili BV13YNd6dEb9 2026-07-24
B-HOM-096	B	HOM	孩好像真的很困了，但是一直被麻麻薅过来薅过去配合拍视频	孩好像真的很困了，但是一直被妈妈薅过来薅过去配合拍视频	the kid really seems sleepy, but keeps getting dragged back and forth by mom to pose for the video	麻麻	mom ‖ mommy	妈妈	bilibili BV12y3K6oEYY comment 2026-07-27
B-HOM-097	B	HOM	哈哈哈哈哈，不好意思哈哈哈哈哈没崩住	哈哈哈哈哈，不好意思哈哈哈哈哈没绷住	hahaha, sorry hahaha I couldn't hold it together	没崩住	couldn't hold it together ‖ couldn't keep a straight face	没绷住	bilibili BV1Ajgi6eEMv comment 2026-07-27
B-HOM-098	B	HOM	淦，忘记原版了，有谁能补一下？	干，忘记原版了，有谁能补一下？	damn, I forgot the original, can anyone fill it in?	淦	damn ‖ dang	干	bilibili BV18J3u66EMY comment 2026-07-27
B-HOM-099	B	HOM	你们要是给我炮儿玩似了我看什么啊	你们要是给我炮儿玩死了我看什么啊	if you guys play my Pao'er to death, what am I supposed to watch?	似了	to death ‖ dead	死了	bilibili BV1t63M6KEyP comment 2026-07-27
B-PYA-087	B	PYA	快别TM说了，抓紧睡半个钟头，不然去早餐店要迟到了	快别他妈说了，抓紧睡半个钟头，不然去早餐店要迟到了	stop freaking talking and grab half an hour of sleep, or you'll be late for the breakfast shop	TM	freaking ‖ damn	他妈	bilibili BV1t63M6KEyP comment 2026-07-27
B-NEO-087	B	NEO	某种意义上来看他也是个神人	某种意义上来看他也是个行为离谱的人	in a certain sense he's also an absolute character	神人	an absolute character ‖ a total weirdo	行为离谱的人	bilibili BV1TE3j6sEKY comment 2026-07-27
B-NEO-088	B	NEO	我都不知道出新图了，作业自己跑我脸上了	我都不知道出新图了，攻略自己跑我脸上了	I didn't even know a new stage was out, and the guide just ran right into my face	作业	guide ‖ walkthrough	攻略	bilibili BV18Rg96hE36 comment 2026-07-27
B-NEO-089	B	NEO	无论从哪个层面来看，都是吊炸了	无论从哪个层面来看，都是厉害极了	no matter how you look at it, it's insanely awesome	吊炸了	insanely awesome ‖ badass	厉害极了	bilibili BV1psgh6XEGV comment 2026-07-27
B-NEO-090	B	NEO	应该是的，不然怎么会气到把国粹给说出来了	应该是的，不然怎么会气到把脏话给说出来了	must be, otherwise how would he get so angry that the swear words came out	国粹	swear words ‖ profanity	脏话	bilibili BV1dz356wEgr comment 2026-07-27
B-NEO-091	B	NEO	说个冷知识，来俊臣的父亲名叫来操，是个挺生草的名字	说个冷知识，来俊臣的父亲名叫来操，是个挺搞笑的名字	fun fact: Lai Junchen's father was named Lai Cao, which is a pretty hilarious name	生草	hilarious ‖ laugh-out-loud	搞笑	bilibili BV1w1gX6UEdB comment 2026-07-27
B-NEO-092	B	NEO	他不是好了，而是知道自己要凉了	他不是好了，而是知道自己要完蛋了	he's not better, he just knows he's done for	凉了	done for ‖ finished	完蛋了	bilibili BV1gc3J6eEco comment 2026-07-27
B-NEO-093	B	NEO	置顶评论官方链接是淘宝就知道成分了	置顶评论官方链接是淘宝就知道背景了	the pinned official link is Taobao, that alone tells you what they're really about	成分	what they're really about ‖ their true colors	背景	bilibili BV1Rt3K6qEKV comment 2026-07-27
B-NEO-094	B	NEO	逆天。。我现在开车老走错路	离谱。。我现在开车老走错路	wild… I keep taking wrong turns when driving now	逆天	wild ‖ outrageous	离谱	bilibili BV1rF336wEvu comment 2026-07-27
B-MIX-087	B	MIX	发现没火的作者belike	发现没火的作者就是这样	discovering an underrated creator be like	belike	be like	就是这样	bilibili BV1vJKU6LESe comment 2026-07-27
B-MIX-088	B	MIX	第一次尝试做这么长的动画 感觉k帧速度有所提升绝宝二周年快乐!	第一次尝试做这么长的动画 感觉打关键帧速度有所提升绝宝二周年快乐!	first time making such a long animation, my keyframing speed has improved — happy 2nd anniversary Juebao!	k帧	keyframing ‖ keyframes	打关键帧	bilibili BV1Ep3M6SEiC comment 2026-07-27
B-MIX-089	B	MIX	或许它真的是福利最好的fps	或许它真的是福利最好的第一人称射击游戏	maybe it really is the FPS with the best freebies	fps	FPS ‖ first-person shooter	第一人称射击游戏	bilibili BV1Hy336wEuv comment 2026-07-27
B-MIX-090	B	MIX	杨博文四代唯一C位队长	杨博文四代唯一中心位队长	Yang Bowen, Gen 4's only center-position captain	C位	center position ‖ the center spot	中心位	bilibili BV1QR3E6qEAF comment 2026-07-27
B-HOM-100	B	NEO	明显，队友大概率寄了，和上司有关，但扳机似乎记忆出现问题，咬死队友还活着，变相保护了上司，所以被上司放了	明显，队友大概率死了，和上司有关，但扳机似乎记忆出现问题，咬死队友还活着，变相保护了上司，所以被上司放了	clearly the teammate is most likely dead and the boss is involved, but Trigger's memory seems broken — she insists the teammate is alive, which indirectly shielded the boss, so the boss let her go	寄了	dead ‖ done for	死了	bilibili BV1jEZpYGEFT comment 2026-07-27
B-HOM-101	B	HOM	怪兽：我已经破坏掉了你所有能获取光的办法，看你还怎么变身 迪迦：你钱包的钱还有多少？ 怪兽：全花光了 迪迦：恰！	怪兽：我已经破坏掉了你所有能获取光的办法，看你还怎么变身 迪迦：你钱包的钱还有多少？ 怪兽：全花光了 迪迦：吃！	Monster: I've destroyed every way you could gather light, let's see you transform now. Tiga: How much money is left in your wallet? Monster: All spent. Tiga: Nom!	恰	eat ‖ nom	吃	bilibili BV1q2ZtYtExy comment 2026-07-27
B-HOM-102	B	HOM	人定不了天，一切的一切还是按照历史轨迹走，我记得是三段历史走向，猪脚心累了	人定不了天，一切的一切还是按照历史轨迹走，我记得是三段历史走向，主角心累了	man can't defy heaven, everything still follows the track of history — I remember there were three historical branches, and the protagonist is exhausted	猪脚	protagonist ‖ main character	主角	bilibili BV1mSZkYQEGf comment 2026-07-27
B-HOM-103	B	HOM	笑成猪头最好笑是因为！！！我本来就觉得很好笑哈哈哈，看到这个蚌不住了！！！	笑成猪头最好笑是因为！！！我本来就觉得很好笑哈哈哈，看到这个绷不住了！！！	the pig-head laugh is the funniest because!!! I already found it hilarious hahaha, and seeing this I just lost it!!!	蚌不住了	lost it ‖ couldn't hold it together	绷不住了	bilibili BV1ArZnYUE9a danmu 2026-07-27
B-HOM-104	B	HOM	真旅行青蛙！  去哪了 会给麻麻带明信片回来  真好	真旅行青蛙！  去哪了 会给妈妈带明信片回来  真好	a real Travel Frog! wherever it goes, it brings postcards back for mom — so sweet	麻麻	mom ‖ mommy	妈妈	bilibili BV12tZEYSEeU danmu 2026-07-27
B-HOM-105	B	HOM	兄dei，这么好的猪 你舍得一次性吃完吗（于谦声）	兄弟，这么好的猪 你舍得一次性吃完吗（于谦声）	bro, such a fine pig — could you really bear to eat it all in one go? (in Yu Qian's voice)	兄dei	bro ‖ brother	兄弟	bilibili BV1GyZYYNErW danmu 2026-07-27
B-HOM-106	B	NEO	这高达味怎么这么重啊，真的是百合拯救了萝卜？	这高达味怎么这么重啊，真的是百合拯救了机器人？	why does this feel so much like Gundam — did yuri really save the mecha genre?	萝卜	mecha ‖ robots	机器人	bilibili BV1U7ZxYzEkC danmu 2026-07-27
B-HOM-107	B	HOM	淦，为什么要让我凌晨刷到，睡不着觉了()	干，为什么要让我凌晨刷到，睡不着觉了()	damn, why did I have to scroll onto this in the middle of the night, now I can't sleep ()	淦	damn ‖ dang	干	bilibili BV1RdZEY8E8T danmu 2026-07-27
B-HOM-108	B	HOM	免责声明，此为系统自动播放，与我无瓜	免责声明，此为系统自动播放，与我无关	disclaimer: this was autoplayed by the system, nothing to do with me	无瓜	nothing to do with me ‖ none of my business	无关	bilibili BV1tZZWYeERt danmu 2026-07-27
B-HOM-109	B	HOM	又第一了 带领兄弟萌再冲一次～～～～	又第一了 带领兄弟们再冲一次～～～～	number one again — leading the bros for one more charge~~~~	兄弟萌	bros ‖ brothers	兄弟们	bilibili BV1tZZWYeERt danmu 2026-07-27
B-HOM-110	B	HOM	预计会火，火钳刘明	预计会火，火前留名	this is going to blow up, leaving my name here before it does	火钳刘明	leaving my name before it goes viral	火前留名	bilibili BV1vDZtYRE6d danmu 2026-07-27
B-HOM-111	B	HOM	扳机歪了，前来还怨	扳机歪了，前来还愿	my pull for Trigger went off-banner — here to repay my vow	还怨	repay a vow ‖ fulfill a votive promise	还愿	bilibili BV1jEZpYGEFT danmu 2026-07-27
B-HOM-112	B	HOM	梅森：这我可太熟辣！	梅森：这我可太熟啦！	Mason: now this I know all too well!	熟辣	know it well ‖ very familiar	熟啦	bilibili BV1jEZpYGEFT danmu 2026-07-27
B-HOM-114	B	HOM	我不行了我笑得要噶了	我不行了我笑得要挂了	I can't take it, I'm about to die laughing	噶了	die ‖ kick the bucket	挂了	bilibili BV1ArZnYUE9a danmu 2026-07-27
B-HOM-115	B	HOM	活到老学到老,似了也要学习	活到老学到老,死了也要学习	live and learn — keep studying even when you're dead	似了	dead ‖ died	死了	bilibili BV1B8ZJYTEPg danmu 2026-07-27
B-HOM-116	B	HOM	太好辣，是拐杖星人，我们没救了	太好啦，是拐杖星人，我们没救了	oh great, it's the crutch alien, we're doomed	太好辣	oh great ‖ wonderful	太好啦	bilibili BV1q2ZtYtExy danmu 2026-07-27
B-HOM-117	B	HOM	老八胃大，无需多盐	老八胃大，无需多言	Laoba has a big stomach — no more words needed	无需多盐	no more words needed ‖ enough said	无需多言	bilibili BV1dEfKYcENK danmu 2026-07-27
B-HOM-118	B	HOM	雾草这幕太美了	卧槽这幕太美了	holy crap this scene is gorgeous	雾草	holy crap ‖ damn	卧槽	bilibili BV1U7ZxYzEkC danmu 2026-07-27
B-HOM-119	B	NEO	欧内该，我什么都愿意做	拜托了，我什么都愿意做	please, I'll do anything	欧内该	please ‖ I beg you	拜托了	bilibili BV1wyZnY2E1R danmu 2026-07-27
B-HOM-120	B	HOM	果然混元是个妹纸	果然混元是个妹子	so Hunyuan really is a girl after all	妹纸	girl ‖ young woman	妹子	bilibili BV1RdZEY8E8T danmu 2026-07-27
B-HOM-121	B	HOM	年轻人不讲武德！耗子尾汁	年轻人不讲武德！好自为之	young people have no martial virtue! you'd better behave yourselves	耗子尾汁	behave yourself ‖ watch yourself	好自为之	bilibili BV1MXZJYpEuN danmu 2026-07-27
B-HOM-122	B	HOM	官方踏马自黑，这下别人黑不了了	官方他妈自黑，这下别人黑不了了	the officials are freaking roasting themselves, now nobody else can roast them	踏马	freaking ‖ damn	他妈	bilibili BV1MXZJYpEuN danmu 2026-07-27
B-HOM-123	B	HOM	这俩老男人的沙雕人生	这俩老男人的傻屌人生	the goofball life of these two old guys	沙雕	goofy ‖ ridiculous	傻屌	bilibili BV1MXZJYpEuN danmu 2026-07-27
B-HOM-124	B	HOM	被天使蚊过的嗓子	被天使吻过的嗓子	a voice kissed by an angel	蚊过	kissed	吻过	bilibili BV1KRZhYSE98 danmu 2026-07-27
B-HOM-125	B	HOM	上一个视频就是不讲内个	上一个视频就是不讲那个	the last video just wouldn't talk about that	内个	that ‖ that thing	那个	bilibili BV1vDZtYRE6d danmu 2026-07-27
B-HOM-127	B	HOM	可以四了这游戏	可以死了这游戏	this game can just die already	四了	die ‖ be done	死了	bilibili BV1MXZJYpEuN danmu 2026-07-27
B-HOM-128	B	HOM	全体欣赏阴乐	全体欣赏音乐	everyone, enjoy the music	阴乐	music ‖ eerie music	音乐	bilibili BV1JjZsYHEHE danmu 2026-07-27
B-HOM-129	B	HOM	锁呐区甲亢哥	唢呐区甲亢哥	suona-section Speed	锁呐	suona ‖ Chinese horn	唢呐	bilibili BV1RdZEY8E8T danmu 2026-07-27
B-HOM-130	B	HOM	哎你怎么似了	哎你怎么死了	hey, how come you died	似了	died ‖ dead	死了	bilibili BV1JjZsYHEHE comment 2026-07-27
B-HOM-131	B	HOM	密码的，很久没笑得这么无语了	妈的，很久没笑得这么无语了	damn, it's been ages since I laughed this speechlessly	密码的	damn ‖ dammit	妈的	bilibili BV1JjZsYHEHE danmu 2026-07-27
B-PYA-088	B	PYA	不是，我TM哪来的教材，你在逗我呢	不是，我他妈哪来的教材，你在逗我呢	wait, where the hell would I get a textbook, are you kidding me	TM	the hell ‖ freaking	他妈	bilibili BV1B8ZJYTEPg danmu 2026-07-27
B-PYA-089	B	PYA	md，这军方也这么乱，难怪市民们这么乐观，哈哈	妈的，这军方也这么乱，难怪市民们这么乐观，哈哈	damn, even the military is this chaotic, no wonder the citizens are so optimistic, haha	md	damn	妈的	bilibili BV1jEZpYGEFT danmu 2026-07-27
B-PYA-090	B	PYA	wc我想要高斯裤子的链接，真的好帅	卧槽我想要高斯裤子的链接，真的好帅	whoa I want the link to Gauss's pants, they look so cool	wc	whoa ‖ holy crap	卧槽	bilibili BV1H5Z4YhEsn danmu 2026-07-27
B-PYA-091	B	PYA	WC，这都能被发现啊	卧槽，这都能被发现啊	whoa, even this got noticed	WC	whoa ‖ holy crap	卧槽	bilibili BV1dEfKYcENK danmu 2026-07-27
B-PYA-092	B	PYA	woc太萌了	卧槽太萌了	omg so cute	woc	omg ‖ holy crap	卧槽	bilibili BV11UZ7YjE2f danmu 2026-07-27
B-PYA-093	B	PYA	dbq小啵有点像触电了	对不起小啵有点像触电了	sorry but Xiaobo kind of looks electrocuted	dbq	sorry	对不起	bilibili BV12tZEYSEeU danmu 2026-07-27
B-PYA-094	B	PYA	无线能源是基于无线水的原理吗？(bushi)	无线能源是基于无线水的原理吗？(不是)	is wireless energy based on the principle of wireless water? (jk)	bushi	just kidding ‖ not really	不是	bilibili BV1GyZYYNErW danmu 2026-07-27
B-PYA-095	B	PYA	光明，赐予我力量（bushi）	光明，赐予我力量（不是）	light, grant me power (jk)	bushi	just kidding	不是	bilibili BV1dEfKYcENK danmu 2026-07-27
B-PYA-096	B	PYA	这么说我才发现字幕不是视频自带的hhhh	这么说我才发现字幕不是视频自带的哈哈哈哈	now that you mention it, I just realized the subtitles aren't part of the video hahaha	hhhh	hahaha	哈哈哈哈	bilibili BV1RdZEY8E8T danmu 2026-07-27
B-PYA-097	B	PYA	完了疑似吉米被吓疯了hh	完了疑似吉米被吓疯了哈哈	uh oh, Jimmy seems scared out of his mind haha	hh	haha	哈哈	bilibili BV1h6ZbYHETM danmu 2026-07-27
B-PYA-098	B	PYA	看清楚材质吧，pdd很多都是聚酯纤维，你问客服没几个敢说是纯棉的	看清楚材质吧，拼多多很多都是聚酯纤维，你问客服没几个敢说是纯棉的	check the fabric carefully — a lot of stuff on Pinduoduo is polyester, and few customer-service reps dare claim it's pure cotton	pdd	Pinduoduo	拼多多	bilibili BV1H5Z4YhEsn danmu 2026-07-27
B-PYA-099	B	PYA	27W收藏4W点赞服了不提醒还不知道........	27万收藏4万点赞服了不提醒还不知道........	270k saves and 40k likes, unbelievable — I wouldn't even have known without the reminder……	27W‖4W	270 thousand‖40 thousand	27万‖4万	bilibili BV1DDZHYhE59 danmu 2026-07-27
B-PYA-100	B	PYA	20w收藏3w点赞	20万收藏3万点赞	200k saves, 30k likes	20w‖3w	200 thousand‖30 thousand	20万‖3万	bilibili BV1DDZHYhE59 danmu 2026-07-27
B-PYA-101	B	PYA	啊？60w围攻45w的城，对方还以骑兵为主？？！	啊？60万围攻45万的城，对方还以骑兵为主？？！	what? 600k besieging a city of 450k, and the enemy is mostly cavalry??!	60w‖45w	600 thousand‖450 thousand	60万‖45万	bilibili BV1mSZkYQEGf danmu 2026-07-27
B-PYA-102	B	PYA	“义人，就是ta，欺负我。”	“义人，就是他，欺负我。”	"Righteous one, it was them — they bullied me."	ta	him ‖ her ‖ them	他	bilibili BV1UbZ8YmEP8 danmu 2026-07-27
B-PYA-103	B	PYA	好装好假好ex	好装好假好恶心	so pretentious, so fake, so gross	ex	gross ‖ disgusting	恶心	bilibili BV1pdZ4YYETs danmu 2026-07-27
B-PYA-104	B	PYA	死yxh滚远点	死营销号滚远点	damn clickbait accounts, get lost	yxh	clickbait accounts ‖ marketing accounts	营销号	bilibili BV1eCZHYKE5u danmu 2026-07-27
B-PYA-106	B	PYA	牛啊，我怎么幻听出歌词了(bushi)	牛啊，我怎么幻听出歌词了(不是)	impressive — why am I hallucinating lyrics out of this (jk)	bushi	just kidding	不是	bilibili BV1RdZEY8E8T danmu 2026-07-27
B-PYA-107	B	PYA	心灵感应原版就是致敬火花hhh	心灵感应原版就是致敬火花哈哈哈	the original Telepathy really is a homage to Spark hahaha	hhh	hahaha	哈哈哈	bilibili BV1U7ZxYzEkC danmu 2026-07-27
B-PYA-108	B	PYA	woc瞬间高清修补版	卧槽瞬间高清修补版	whoa, instantly the HD restored version	woc	whoa	卧槽	bilibili BV1dEfKYcENK danmu 2026-07-27
B-NEO-096	B	NEO	泪目，我一直不知道自己想做什么，感觉选择的大都错了，已经索性不想选择了...糟糕啊...	眼泛泪光，我一直不知道自己想做什么，感觉选择的大都错了，已经索性不想选择了...糟糕啊...	tearing up — I've never known what I want to do, feels like most of my choices were wrong, and now I've simply stopped choosing… this is bad…	泪目	tearing up	眼泛泪光	bilibili BV1uBZsYTE8L danmu 2026-07-27
B-NEO-097	B	NEO	10后，上一次看是三年前了，但是也泪目了	10后，上一次看是三年前了，但是也落泪了	born after 2010 — last watched this three years ago, but it still made me tear up	泪目	teared up	落泪	bilibili BV1nwZEYqE2B danmu 2026-07-27
B-NEO-098	B	NEO	虽然整个乐队前期像拼好队一样，但是结局随着独角兽的回归写的还是不错的	虽然整个乐队前期像拼凑起来的队伍一样，但是结局随着独角兽的回归写的还是不错的	even though the band felt like a thrown-together group-buy squad early on, the ending with the unicorn's return was written pretty well	拼好队	thrown-together squad ‖ bargain-bundle team	拼凑起来的队伍	bilibili BV1U7ZxYzEkC danmu 2026-07-27
B-NEO-099	B	NEO	“苏新皓你好的太突出”这句话的含金量还在上升	“苏新皓你好的太突出”这句话的价值还在提升	the line "Su Xinhao, your hello is too striking" keeps proving truer and truer	含金量还在上升	keeps proving truer ‖ value keeps rising	价值还在提升	bilibili BV1MbZnYoEk1 danmu 2026-07-27
B-NEO-100	B	NEO	扎格列斯之手的含金量还在上升！	扎格列斯之手的价值还在提升！	the Hand of Zagreus keeps proving its worth!	含金量还在上升	keeps proving its worth ‖ value keeps rising	价值还在提升	bilibili BV1j4ZbYcEaV danmu 2026-07-27
B-NEO-101	B	NEO	红温了，把打野怪爆的装备给炸了，你好歹拿一些吧	气急了，把打野怪爆的装备给炸了，你好歹拿一些吧	he's fuming — blew up the gear dropped from jungle monsters, at least take some of it, man	红温	fuming ‖ tilted	气急	bilibili BV1GyZYYNErW danmu 2026-07-27
B-NEO-102	B	NEO	反派看到了硬控他的回忆……	反派看到了完全控制住他的回忆……	the villain saw the memories that completely transfixed him……	硬控	hard-stunned ‖ completely transfixed	完全控制住	bilibili BV1nwZEYqE2B danmu 2026-07-27
B-NEO-103	B	NEO	我还以为是9.9元拼好饭呢	我还以为是9.9元拼单买的饭呢	I thought it was a 9.9-yuan group-buy meal deal	拼好饭	group-buy meal deal ‖ bargain combo meal	拼单买的饭	bilibili BV1U7ZxYzEkC danmu 2026-07-27
B-NEO-104	B	NEO	向佐药水哥梦幻联动！	向佐药水哥跨界合作！	Xiang Zuo and Yaoshui-ge, a dream crossover!	梦幻联动	dream crossover ‖ dream collab	跨界合作	bilibili BV1MXZJYpEuN danmu 2026-07-27
B-NEO-105	B	NEO	电子榨菜配跳跳糖	下饭视频配跳跳糖	comfort-viewing video paired with popping candy	电子榨菜	comfort-viewing video ‖ go-to show to watch while eating	下饭视频	bilibili BV1MXZJYpEuN danmu 2026-07-27
B-NEO-106	B	NEO	这声音绝绝子	这声音好极了	this voice is simply divine	绝绝子	simply divine ‖ absolutely amazing	好极了	bilibili BV1dEfKYcENK danmu 2026-07-27
B-NEO-107	B	NEO	假师傅让拜，真师傅反而不让拜，难绷了	假师傅让拜，真师傅反而不让拜，让人无语了	the fake master lets you bow to him, but the real master won't — I can't even	难绷	I can't even ‖ speechless	让人无语	bilibili BV1vVZEYFEDq danmu 2026-07-27
B-NEO-108	B	NEO	一想到一睁眼就有倒计时就难绷	一想到一睁眼就有倒计时就受不了	the thought of waking up to a countdown every day just breaks me	难绷	breaks me ‖ can't hold it together	受不了	bilibili BV1B8ZJYTEPg danmu 2026-07-27
B-MIX-092	B	MIX	完全不给队友上buff的机会	完全不给队友上增益的机会	gives teammates zero chance to apply buffs	buff	buff	增益	bilibili BV1j4ZbYcEaV danmu 2026-07-27
B-MIX-093	B	MIX	不会侵蚀后全是boss吧	不会侵蚀后全是头目吧	don't tell me everything after the corruption is a boss	boss	boss	头目	bilibili BV1jEZpYGEFT comment 2026-07-27
B-MIX-094	B	MIX	顾客：心平气和.jpg	顾客：心平气和的表情包	customer: calm-and-composed.jpg	.jpg	.jpg ‖ reaction image	的表情包	bilibili BV11UZ7YjE2f comment 2026-07-27
B-MIX-095	B	MIX	海皇cpu高速运转中……	海皇大脑高速运转中……	the Sea Emperor's CPU is running at full speed……	cpu	CPU ‖ brain	大脑	bilibili BV1H5Z4YhEsn danmu 2026-07-27
B-MIX-096	B	MIX	可以无限卡bug，站起来再躺下去，站起来再躺下去。	可以无限卡漏洞，站起来再躺下去，站起来再躺下去。	you can exploit the bug endlessly — stand up, lie back down, stand up, lie back down.	bug	bug ‖ glitch	漏洞	bilibili BV1B8ZJYTEPg danmu 2026-07-27
B-MIX-097	B	MIX	在扳机的视频里刷什么悠真真的很ky好吧	在扳机的视频里刷什么悠真真的很不会看气氛好吧	spamming Harumasa comments on a Trigger video is honestly so tone-deaf, okay	ky	tone-deaf ‖ can't read the room	不会看气氛	bilibili BV1jEZpYGEFT danmu 2026-07-27
B-MIX-098	B	MIX	别什么过场都搞qte，破坏连贯	别什么过场都搞快速反应事件，破坏连贯	stop putting QTEs in every cutscene, it ruins the flow	qte	QTE ‖ quick-time event	快速反应事件	bilibili BV1gdZvYvEKc danmu 2026-07-27
B-MIX-099	B	MIX	不是哥们，怎么pv就删了。	不是哥们，怎么宣传片就删了。	wait bro, why did the PV get deleted.	pv	PV ‖ promo video	宣传片	bilibili BV1j4ZbYcEaV danmu 2026-07-27
B-MIX-100	B	MIX	要是做出这样的mod，那就有意思了	要是做出这样的模组，那就有意思了	if someone made a mod like this, that would be fun	mod	mod	模组	bilibili BV1GyZYYNErW comment 2026-07-27
B-MIX-101	B	MIX	omg！这是谁家的小孩这么有出息啊啊啊啊啊	我的天！这是谁家的小孩这么有出息啊啊啊啊啊	omg! whose kid is this, so talented ahhhh	omg	omg ‖ oh my god	我的天	bilibili BV1MbZnYoEk1 comment 2026-07-27
B-MIX-102	B	MIX	很多老外不知道田一鸣叫什么，就叫他super idol	很多老外不知道田一鸣叫什么，就叫他超级偶像	many foreigners don't know Tian Yiming's name, so they just call him super idol	super idol	super idol	超级偶像	bilibili BV17VZpY1ENA comment 2026-07-27
B-MIX-103	B	MIX	知名up主老番茄视频内容不慎跌回五年前的水平	知名视频作者老番茄视频内容不慎跌回五年前的水平	famous uploader LaoFanQie's video content has accidentally slipped back to its level five years ago	up主	uploader ‖ content creator	视频作者	bilibili BV1GEZEYdEwn comment 2026-07-27
B-MIX-104	B	MIX	我打个csgo心跳都能160	我打个反恐精英心跳都能160	my heart rate hits 160 just playing CS:GO	csgo	CS:GO ‖ Counter-Strike ‖ CSGO	反恐精英	bilibili BV1L6ZvY1EEU danmu 2026-07-27
B-MIX-105	B	MIX	回答我，鸟为什么会飞？ Look at my eye, tell me why!	回答我，鸟为什么会飞？ 看着我的眼睛，告诉我为什么！	answer me, why can birds fly? Look at my eye, tell me why!	Look at my eye, tell me why!	Look at my eye, tell me why	看着我的眼睛，告诉我为什么！	bilibili BV16io9YTEqH danmu 2026-07-27
B-MIX-106	B	MIX	这里应该说的是welcome to shaolin 吧	这里应该说的是欢迎来到少林 吧	what he should have said here is welcome to Shaolin, right	welcome to shaolin	welcome to Shaolin	欢迎来到少林	bilibili BV1vVZEYFEDq danmu 2026-07-27
B-MIX-107	B	MIX	这BGM给我干天津去了	这背景音乐给我干天津去了	this BGM just teleported me straight to Tianjin	BGM	BGM ‖ background music	背景音乐	bilibili BV12tZEYSEeU danmu 2026-07-27
B-MIX-108	B	MIX	小八和啵哝就像是妈妈带了个teenager出来我服了。	小八和啵哝就像是妈妈带了个青少年出来我服了。	Xiaoba and Bonong are just like a mom taking a teenager out, I can't with them.	teenager	teenager	青少年	bilibili BV12tZEYSEeU danmu 2026-07-27
B-MIX-109	B	MIX	其实我不仅是rapper，我还是DJ，香蜜湖你听见了吗	其实我不仅是说唱歌手，我还是打碟师，香蜜湖你听见了吗	actually I'm not just a rapper, I'm also a DJ — Xiangmi Lake, can you hear me	rapper‖DJ	rapper‖DJ	说唱歌手‖打碟师	bilibili BV12tZEYSEeU danmu 2026-07-27
B-MIX-110	B	MIX	我家小逻怎么成敌方boss单位了？还有精英干员长颈鹿	我家小逻怎么成敌方头目单位了？还有精英干员长颈鹿	how did my Xiaoluo become an enemy boss unit? and there's an elite operator giraffe too	boss	boss	头目	bilibili BV1NLZHYxEdH danmu 2026-07-27
B-MIX-111	B	MIX	看得ptsd犯了	看得创伤后应激障碍犯了	watching this triggered my PTSD	ptsd	PTSD	创伤后应激障碍	bilibili BV1B8ZJYTEPg danmu 2026-07-27
B-MIX-112	B	MIX	我独自拯救一切Pro max	我独自拯救一切加强版	I Alone Save Everything, Pro Max edition	Pro max	Pro Max ‖ upgraded edition	加强版	bilibili BV1B8ZJYTEPg danmu 2026-07-27
B-MIX-113	B	MIX	那是债主催债了bro	那是债主催债了兄弟	that's the creditor coming to collect, bro	bro	bro	兄弟	bilibili BV1B8ZJYTEPg danmu 2026-07-27
B-MIX-114	B	MIX	姐！邀请宋雨琦上节目！E人很适合！章昊也是！	姐！邀请宋雨琦上节目！外向的人很适合！章昊也是！	sis! invite Song Yuqi onto the show! extroverts are perfect for it! Zhang Hao too!	E人	extrovert ‖ E-type person	外向的人	bilibili BV1uBZsYTE8L danmu 2026-07-27
B-MIX-115	B	MIX	好阳光啊，这一定是相互救赎的少女乐队故事吧www	好阳光啊，这一定是相互救赎的少女乐队故事吧哈哈哈	so wholesome — this must be a girls-band story of mutual redemption lol	www	lol ‖ haha ‖ lmao	哈哈哈	bilibili BV1U7ZxYzEkC danmu 2026-07-27
B-MIX-116	B	MIX	小时候我没有cp这个概念，一直认为这俩只是朋友	小时候我没有情侣配对这个概念，一直认为这俩只是朋友	as a kid I had no concept of shipping — I always thought these two were just friends	cp	ship ‖ couple pairing	情侣配对	bilibili BV1dEfKYcENK danmu 2026-07-27
B-MIX-117	B	MIX	妹妹在cos商鞅吗	妹妹在扮演商鞅吗	is the girl cosplaying Shang Yang	cos	cosplay	扮演	bilibili BV1H5Z4YhEsn danmu 2026-07-27
B-MIX-118	B	MIX	哎呀，蚊子得了MVP！	哎呀，蚊子得了全场最佳！	oops, the mosquito got the MVP!	MVP	MVP	全场最佳	bilibili BV1H5Z4YhEsn danmu 2026-07-27
B-MIX-119	B	MIX	这都ai配音了，字幕当然也是ai啊	这都人工智能配音了，字幕当然也是人工智能啊	the voiceover is already AI, so of course the subtitles are AI too	ai	AI	人工智能	bilibili BV1GyZYYNErW danmu 2026-07-27
B-MIX-120	B	MIX	谁还没看我都会伤心的OK？	谁还没看我都会伤心的好吗？	if anyone hasn't watched this yet I'll be sad, OK?	OK	OK	好吗	bilibili BV16io9YTEqH danmu 2026-07-27
B-MIX-121	B	MIX	少看一天b站都剪不出来	少看一天哔哩哔哩都剪不出来	skip even one day of Bilibili and you couldn't edit this	b站	Bilibili	哔哩哔哩	bilibili BV1vDZtYRE6d danmu 2026-07-27
B-MIX-122	B	MIX	只是一个道歉，but这个道歉的代价实在太高	只是一个道歉，但是这个道歉的代价实在太高	it's just an apology, but the price of this apology is way too high	but	but	但是	bilibili BV1wrZ8Y6EFT danmu 2026-07-27
B-MIX-123	B	MIX	记者会？不，个人show time	记者会？不，个人表演时间	a press conference? no, it's personal show time	show time	show time	表演时间	bilibili BV1wrZ8Y6EFT danmu 2026-07-27
B-MIX-124	B	MIX	这一场演得不好，应该喊cut重来	这一场演得不好，应该喊停重来	this scene was badly acted, someone should call cut and redo it	cut	cut	停	bilibili BV1wrZ8Y6EFT danmu 2026-07-27
B-MIX-125	B	MIX	喝水这part我真的笑了	喝水这部分我真的笑了	the water-drinking part genuinely made me laugh	part	part	部分	bilibili BV1wrZ8Y6EFT danmu 2026-07-27
B-MIX-126	B	MIX	中式恐怖，真的next level	中式恐怖，真的更上一层楼	Chinese-style horror, truly next level	next level	next level	更上一层楼	bilibili BV1h6ZbYHETM danmu 2026-07-27
B-MIX-127	B	MIX	他们都在好奇那个npc是谁扮的	他们都在好奇那个非玩家角色是谁扮的	they're all wondering who played that NPC	npc	NPC	非玩家角色	bilibili BV1h6ZbYHETM danmu 2026-07-27
B-MIX-128	B	MIX	os好想看张桂源也来一期	内心独白好想看张桂源也来一期	inner monologue: I really want to see Zhang Guiyuan do an episode too	os	inner monologue ‖ inner voice	内心独白	bilibili BV1h6ZbYHETM danmu 2026-07-27
B-MIX-129	B	MIX	我已经走在了country road 上了	我已经走在了乡间小路 上了	I'm already walking on the country road	country road	country road	乡间小路	bilibili BV1zKZrYAEi8 danmu 2026-07-27
B-MIX-130	B	MIX	从来没有get到他颜值	从来没有领略到他颜值	I've never gotten the appeal of his looks	get到	get ‖ see the appeal of	领略到	bilibili BV1pdZ4YYETs danmu 2026-07-27
B-MIX-131	B	MIX	看哪一只eye啊sir	看哪一只眼啊长官	looking at which eye, sir	eye‖sir	eye‖sir	眼‖长官	bilibili BV1tZZWYeERt danmu 2026-07-27
B-MIX-132	B	MIX	天磊：what can I say	天磊：我能说什么	Tianlei: what can I say	what can I say	what can I say	我能说什么	bilibili BV1dEfKYcENK danmu 2026-07-27
B-MIX-133	B	MIX	唉，我去，真的有比利诶。该不会是暗示sp比利吧	唉，我去，真的有比利诶。该不会是暗示特殊版比利吧	whoa, there really is a Billy — could this be hinting at an SP Billy	sp	SP ‖ special variant	特殊版	bilibili BV1HTZpYSExJ danmu 2026-07-27
B-MIX-134	B	MIX	摊主，我也是你们play中的一环吗	摊主，我也是你们角色扮演中的一环吗	stall owner, am I also part of your roleplay	play	play ‖ roleplay	角色扮演	bilibili BV1YTZvYMECW danmu 2026-07-27
B-MIX-135	B	MIX	抽me,please抽me	抽我,请抽我	draw me, please draw me	me‖please	me‖please	我‖请	bilibili BV1wyZnY2E1R danmu 2026-07-27
B-MIX-136	B	MIX	boss已进入二阶段	头目已进入二阶段	the boss has entered phase two	boss	boss	头目	bilibili BV1RdZEY8E8T danmu 2026-07-27
B-MIX-137	B	MIX	这里是以为他要长期练，mcn没沟通好	这里是以为他要长期练，传媒公司没沟通好	here they thought he'd be training long-term — the MCN agency didn't communicate properly	mcn	MCN ‖ talent agency	传媒公司	bilibili BV1vVZEYFEDq danmu 2026-07-27
B-MIX-138	B	MIX	加拉赫上线一年了还在c	加拉赫上线一年了还在当主力	Gallagher has been out for a year and is still carrying	c	carry ‖ main DPS	当主力	bilibili BV1j4ZbYcEaV danmu 2026-07-27
B-MIX-139	B	MIX	直伤+超击破+dot伤害	直伤+超击破+持续伤害	direct damage + super break + DoT damage	dot	DoT ‖ damage over time	持续	bilibili BV16io9YTEqH danmu 2026-07-27
B-HOM-133	B	PYA	兄dei  成佛吧   修仙太难了	兄弟  成佛吧   修仙太难了	bro, just become a buddha — cultivating immortality is too hard	兄dei	bro ‖ buddy	兄弟	bilibili BV1B8ZJYTEPg danmu 2026-07-27
B-HOM-134	B	HOM	我真怕药水一拳给向左打晕过去	我真怕药水一拳给向佐打晕过去	I'm really afraid Yaoshui will knock Xiang Zuo out with one punch	向左	Xiang Zuo ‖ Jacky Heung	向佐	bilibili BV1MXZJYpEuN danmu 2026-07-27
B-HOM-135	B	HOM	甲亢哥：我还能再看亿遍	甲亢哥：我还能再看一亿遍	Jiakang Bro: I could watch this a hundred million more times	亿遍	a hundred million more times ‖ countless more times	一亿遍	bilibili BV1vDZtYRE6d danmu 2026-07-27
B-NEO-109	B	NEO	逆天，吴国给日本朝贡都来了	离谱，吴国给日本朝贡都来了	outrageous — now we've even got the Wu kingdom paying tribute to Japan	逆天	outrageous ‖ wild	离谱	bilibili BV1cA336cERr comment 2026-07-27
B-NEO-110	B	NEO	泪目了，米哈游你坏事做尽	感动落泪了，米哈游你坏事做尽	I teared up — miHoYo, you've done every evil deed there is	泪目了	teared up ‖ moved to tears	感动落泪了	bilibili BV16io9YTEqH danmu 2026-07-27
B-NEO-111	B	NEO	双非大学生，还没进厂。光看这个社会环境已经感觉自己燃尽了	非重点大学的大学生，还没进厂。光看这个社会环境已经感觉自己精疲力竭了	a non-elite-university student who hasn't even started working yet — just looking at this social environment I already feel burned out	双非‖燃尽了	non-elite university ‖ burned out	非重点大学的‖精疲力竭了	bilibili BV1nD3L6CEtW comment 2026-07-27
B-NEO-112	B	NEO	看勇哥直播，各种神人	看勇哥直播，各种行为离谱的人	watching Brother Yong's streams, you see all kinds of absolute characters	神人	absolute characters ‖ total weirdos	行为离谱的人	bilibili BV1t63M6KEyP comment 2026-07-27
B-NEO-113	B	NEO	太真实了，想到的那句话发现他可能听不懂于是在后面加点补丁	太真实了，想到的那句话发现他可能听不懂于是在后面加点补充说明	so true — you think of a comeback, realize he might not get it, and then tack some patches onto it	补丁	patches ‖ follow-up clarifications	补充说明	bilibili BV1Ek3u6RECC comment 2026-07-27
B-NEO-114	B	NEO	为什么能匹到这么多神人	为什么能匹配到这么多行为离谱的人	how do I keep getting matched with so many absolute characters	匹到‖神人	get matched with ‖ absolute characters	匹配到‖行为离谱的人	bilibili BV1TE3j6sEKY comment 2026-07-27
B-NEO-115	B	NEO	所以男主在嘎掉的威胁下领悟了？	所以男主在死掉的威胁下领悟了？	so the male lead had his awakening under the threat of getting offed?	嘎掉	getting offed ‖ dying	死掉	bilibili BV1B8ZJYTEPg danmu 2026-07-27
B-MIX-140	B	MIX	这个zzz不会要给他出个动画吧？	这个绝区零不会要给他出个动画吧？	don't tell me ZZZ is going to make an anime for him?	zzz	ZZZ ‖ Zenless Zone Zero	绝区零	bilibili BV1HTZpYSExJ danmu 2026-07-27
B-MIX-141	B	MIX	怎么说呢 很怀疑up主的精神状态	怎么说呢 很怀疑视频作者的精神状态	how do I put it — I seriously question this uploader's state of mind	up主	the uploader ‖ video creator	视频作者	bilibili BV1ArZnYUE9a danmu 2026-07-27
B-MIX-143	B	MIX	他和背后的 n pc 格格不入	他和背后的 非玩家角色 格格不入	he's completely out of place next to the NPC behind him	n pc	NPC ‖ non-player character	非玩家角色	bilibili BV1mSZkYQEGf danmu 2026-07-27
B-MIX-145	B	NEO	甲亢哥：我DNA动了	甲亢哥：我本能被唤醒了	Jiakang Bro: my DNA just moved	DNA动了	my DNA moved ‖ it awakened something in me	本能被唤醒了	bilibili BV1vDZtYRE6d danmu 2026-07-27
B-MIX-146	B	MIX	bro以为自己在演致命ID	这哥们以为自己在演致命ID	bro thinks he's starring in Identity	bro	bro	这哥们	bilibili BV1pdZ4YYETs danmu 2026-07-27
B-MIX-147	B	MIX	干嘛突然cos班主任	干嘛突然扮演班主任	why are you suddenly cosplaying as the homeroom teacher	cos	cosplay as ‖ act like	扮演	bilibili BV1eCZHYKE5u danmu 2026-07-27
B-MIX-148	B	MIX	神作，没见过的mad种类呢	神作，没见过的混剪视频种类呢	a masterpiece — a kind of MAD I've never seen before	mad	MAD ‖ fan-made music-anime edit	混剪视频	bilibili BV1U7ZxYzEkC comment 2026-07-27
B-PYA-109	B	PYA	拍了拍博士的石棺盖子hhhhh	拍了拍博士的石棺盖子哈哈哈哈哈	gave the Doctor's stone coffin lid a little pat hahaha	hhhhh	hahaha	哈哈哈哈哈	bilibili BV1NLZHYxEdH danmu 2026-07-27
B-PYA-110	B	PYA	万恶的zi ben jia	万恶的资本家	the evil capitalists	zi ben jia	capitalists	资本家	bilibili BV1B8ZJYTEPg danmu 2026-07-27
B-PYA-111	B	PYA	就说问啥听不到，nnd只带了一个耳机	就说问啥听不到，奶奶的只带了一个耳机	no wonder he said he couldn't hear anything — damn it, he only brought one earbud	nnd	damn it ‖ dang	奶奶的	bilibili BV1B8ZJYTEPg danmu 2026-07-27
